Dataset,Clusters,Budget,Iteration,Cost,Time,RawSize,ActualSize,Trimmed,Z,EpsReport,Beta,ReferenceCost,FinalKMeansTime,CostTime,WeightedSteps,RefLloydIterations
birb,2,64,0,43537.38192142648,0.7679617000103462,67,64,True,1.4571405694473205,1.2000000000000002,0.8432526443560877,99017.90909650136,0.0007627999875694,0.0825783000036608,20,0
birb,2,64,1,43520.55718527956,0.768741100007901,67,64,True,0.9762316293703346,1.0,0.9762316293703346,147795.87969242598,0.0007067999977152,0.0813316999992821,20,0
birb,2,64,2,43335.80780073892,0.7390137999900617,67,64,True,2.631384325281356,1.4,0.9589593022162372,54831.59987697039,0.0007087999838404,0.0860752000007778,20,0
birb,2,64,3,43990.332319990805,0.7591901999840047,67,64,True,2.323662960396858,1.4,0.8468159476664933,62092.91747789313,0.0005993999948259,0.0849583999952301,20,0
birb,2,64,4,43750.98206709695,0.7497452000097837,67,64,True,2.041791571227157,1.3,0.9293543792567852,70664.90746635907,0.0005822999810334,0.0817281000199727,20,0
birb,2,128,0,43331.6749720828,0.8532351999892853,129,128,True,0.2632063403682003,0.7000000000000001,0.7673654238139949,99017.90909650136,0.0005596000119112,0.0961516999814193,20,0
birb,2,128,1,43285.84464994727,0.8439333999995142,129,128,True,0.1763387554405337,0.6000000000000001,0.8163831270395077,147795.87969242598,0.0006644000241067,0.0839087999775074,20,0
birb,2,128,2,43321.51339017252,0.8595715000119526,129,128,True,0.4753124392262629,0.8,0.9283446078637946,54831.59987697039,0.0006654000026173,0.0838822000077925,20,0
birb,2,128,3,43325.58035607581,0.826555699983146,129,128,True,0.4197280872408697,0.8,0.8197814203923234,62092.91747789313,0.0008863999973982,0.0844089000020176,20,0
birb,2,128,4,43932.02491131394,0.8225917000090703,129,128,True,0.3688130702868105,0.8,0.7203380279039266,70664.90746635907,0.0005446000141091,0.0809207999845966,20,0
birb,2,256,0,43247.84640894141,0.9072183000098448,262,256,True,0.0643191036781268,0.5,0.5145528294250147,99017.90909650136,0.0006867999909445,0.0835003000102005,20,0
birb,2,256,1,43237.71292769458,0.9654266999859829,262,256,True,0.0430914797788884,0.4,0.6733043715451323,147795.87969242598,0.0013410999963525,0.081457499996759,20,0
birb,2,256,2,43276.95954694537,0.9696698999905492,262,256,True,0.1161509635950659,0.5,0.9292077087605272,54831.59987697039,0.0006978000164963,0.0843172000022605,20,0
birb,2,256,3,43307.83712156893,0.952540800004499,262,256,True,0.1025679484852143,0.5,0.8205435878817148,62092.91747789313,0.0010018000029958,0.0816860999912023,20,0
birb,2,256,4,43397.509954716974,0.9324072999879718,262,256,True,0.0901259676056482,0.5,0.7210077408451859,70664.90746635907,0.0007218999962788,0.0847933000186458,20,0
birb,2,512,0,43220.99546039894,1.0762053999933414,517,512,True,0.0188762837240444,0.3,0.6991216194090548,99017.90909650136,0.00089999998454,0.0864130000118166,20,0
birb,2,512,1,43294.05998575252,1.0586834999849088,517,512,True,0.0126464293169533,0.3,0.4683862709982717,147795.87969242598,0.0012214000162202,0.0831699999980628,20,0
birb,2,512,2,43217.316970254455,1.0333250999974553,517,512,True,0.0340878280054023,0.4,0.5326223125844108,54831.59987697039,0.0011267999943811,0.0836132999975234,20,0
birb,2,512,3,43221.28290601821,1.0333367999992331,517,512,True,0.0301015030664754,0.4,0.4703359854136783,62092.91747789313,0.0010341999877709,0.0844131000048946,20,0
birb,2,512,4,43264.32081960525,1.0475623000238556,517,512,True,0.0264500473131873,0.3,0.9796313819699022,70664.90746635907,0.0008236999856308,0.0827796999947168,20,0
birb,2,1024,0,43219.40595151536,1.2232343000068795,1026,1024,True,0.0042845969295377,0.2,0.5355746161922161,99017.90909650136,0.0020329999970272,0.0815767000021878,20,0
birb,2,1024,1,43215.216241395385,1.2104024000000209,1026,1024,True,0.0028705254176707,0.2,0.3588156772088425,147795.87969242598,0.0014246999926399,0.0820447000151034,20,0
birb,2,1024,2,43213.70261253853,1.2657984000106808,1026,1024,True,0.0077373600302752,0.2,0.9671700037844052,54831.59987697039,0.0014167999906931,0.0823813000170048,20,0
birb,2,1024,3,43215.25597323272,1.2470671999908518,1026,1024,True,0.006832531736573,0.2,0.8540664670716299,62092.91747789313,0.002092700015055,0.0832663000037428,20,0
birb,2,1024,4,43216.25128460122,1.2447722000069916,1026,1024,True,0.0060037130804435,0.2,0.7504641350554482,70664.90746635907,0.0017377999902237,0.0918699000030756,20,0
birb,2,4096,0,43212.88997160397,3.378947299992433,4102,4096,True,0.0002601887215696,0.1,0.2601887215696965,99017.90909650136,0.0053631000046152,0.0823932999919634,20,0
birb,2,4096,1,43213.15338402474,3.5624156999983825,4102,4096,True,0.0001743170596767,0.1,0.1743170596767549,147795.87969242598,0.0059182000113651,0.0819466999964788,20,0
birb,2,4096,2,43216.39977663712,3.298897399974521,4102,4096,True,0.0004698630577646,0.1,0.4698630577646863,54831.59987697039,0.0044633000215981,0.0800779999990481,20,0
birb,2,4096,3,43212.63333540542,3.4316606000065804,4102,4096,True,0.0004149159715275,0.1,0.4149159715275998,62092.91747789313,0.0056169999879784,0.0757955000153742,20,0
birb,2,4096,4,43213.3830190119,3.315123600012157,4102,4096,True,0.0003645846871389,0.1,0.3645846871389179,70664.90746635907,0.0033157999860122,0.0837438000016845,20,0
birb,4,64,0,20005.02267774786,0.907359400007408,67,64,True,7.078385044529285,2.0,0.8847981305661606,40767.2121645521,0.0009687999845482,0.1431022000033408,20,0
birb,4,64,1,20042.58788676632,0.8893662999907974,67,64,True,13.688604986764108,2.4000000000000004,0.9902058005471716,21080.74746635909,0.0010136000055354,0.1441154000058304,20,0
birb,4,64,2,17939.313392049626,0.9191134000138844,67,64,True,10.6942807139109,2.3000000000000003,0.8789578954475958,26983.21024221453,0.0006996000010985,0.1447855000151321,20,0
birb,4,64,3,17008.276747627166,0.9000488000165205,67,64,True,6.525228681400504,1.9,0.9513381952763528,44223.128258362165,0.0007454000005964,0.1484493999741971,20,0
birb,4,64,4,16510.551907232202,0.8986921000177972,67,64,True,7.110338483106556,2.0,0.8887923103883195,40584.00673587081,0.0011158999986946,0.1458743999828584,20,0
birb,4,128,0,16335.302360506306,0.9779876999964472,129,128,True,1.2785834547137762,1.1,0.960618673714332,40767.2121645521,0.0018328999867662,0.1516741999948863,20,0
birb,4,128,1,16293.580862493942,1.014014699991094,129,128,True,2.472601270499685,1.4,0.9010937574707304,21080.74746635909,0.0010248000035062,0.1418317999923601,20,0
birb,4,128,2,16443.521768383787,0.981936099997256,129,128,True,1.9317302315220972,1.3,0.879258184579926,26983.21024221453,0.0013459999754559,0.1395546999992802,20,0
birb,4,128,3,16769.606930246853,0.9916908999730368,129,128,True,1.1786656670663342,1.1,0.885548960981468,44223.128258362165,0.0012675000180024,0.145376500004204,20,0
birb,4,128,4,17244.842627082715,1.038392999995267,129,128,True,1.2843552709725834,1.1,0.9649551246976582,40584.00673587081,0.0013407999940682,0.1465287000173702,20,0
birb,4,256,0,16166.27462623058,1.091200499999104,262,256,True,0.3124443798345847,0.7000000000000001,0.9109165592845032,40767.2121645521,0.0022799000144004,0.1395348999940324,20,0
birb,4,256,1,18166.17924815905,1.0855447000067215,262,256,True,0.6042236568065269,0.9,0.8288390353998997,21080.74746635909,0.001273299974855,0.1425924000213854,20,0
birb,4,256,2,16235.020730903048,1.1140461000031792,262,256,True,0.4720522950383031,0.8,0.9219771387466856,26983.21024221453,0.0012543000048026,0.1440823999873828,20,0
birb,4,256,3,16196.4817473397,1.1261561999854166,262,256,True,0.2880277091191503,0.7000000000000001,0.8397309303765313,44223.128258362165,0.0017370000132359,0.1551963999809231,20,0
birb,4,256,4,16635.054802065853,1.1060320000106003,262,256,True,0.3138548247647561,0.7000000000000001,0.9150286436290264,40584.00673587081,0.0010937000042758,0.1398547999851871,20,0
birb,4,512,0,16211.42682208891,1.230631699989317,517,512,True,0.0916957548297803,0.5,0.7335660386382431,40767.2121645521,0.003479300008621,0.1469161999993957,20,0
birb,4,512,1,16129.202106383103,1.2339563999848906,517,512,True,0.1773267431669509,0.6000000000000001,0.8209571442914391,21080.74746635909,0.0021164999925531,0.1480870000086724,20,0
birb,4,512,2,16200.611078623642,1.2051847999973688,517,512,True,0.1385372703313901,0.6000000000000001,0.6413762515342135,26983.21024221453,0.0010557000059634,0.1428990999993402,20,0
birb,4,512,3,16144.665714467848,1.2349021999980323,517,512,True,0.0845299832679194,0.5,0.6762398661433556,44223.128258362165,0.0033452000061515,0.149720299988985,20,0
birb,4,512,4,16141.273494161818,1.2197987000108697,517,512,True,0.0921096903039482,0.5,0.736877522431586,40584.00673587081,0.0016252000059466,0.1453183999983593,20,0
birb,4,1024,0,16192.896120617164,1.3824153000023216,1026,1024,True,0.0208133844213664,0.3,0.7708660896802402,40767.2121645521,0.0051686000078916,0.1362826999975368,20,0
birb,4,1024,1,16111.35277610351,1.424844099994516,1026,1024,True,0.0402501694933864,0.4,0.6289088983341637,21080.74746635909,0.007159100001445,0.1425260999822057,20,0
birb,4,1024,2,16195.994774219243,1.39259229999152,1026,1024,True,0.0314456156606884,0.4,0.4913377446982575,26983.21024221453,0.0055173999862745,0.1388939000025857,20,0
birb,4,1024,3,16332.470068724611,1.406723599997349,1026,1024,True,0.0191868755555027,0.3,0.7106250205741751,44223.128258362165,0.0017843999958131,0.1377548000018578,20,0
birb,4,1024,4,16206.234807833223,1.3848755999933928,1026,1024,True,0.0209073407682605,0.3,0.7743459543800187,40584.00673587081,0.0049981999909505,0.13245000000461,20,0
birb,4,4096,0,16129.45283858985,3.4556569000124,4102,4096,True,0.001263924698914,0.2,0.1579905873642547,40767.2121645521,0.0133436000032816,0.1366546000062953,20,0
birb,4,4096,1,16110.523023562457,3.409748700010823,4102,4096,True,0.0024442532904904,0.2,0.305531661311305,21080.74746635909,0.0115975999797228,0.1385402000159956,20,0
birb,4,4096,2,16108.131164315022,3.403177500003949,4102,4096,True,0.0019095832518857,0.2,0.2386979064857248,26983.21024221453,0.0149381000082939,0.1420339999895077,20,0
birb,4,4096,3,16136.862442856149,3.403837099991506,4102,4096,True,0.0011651524527983,0.2,0.1456440565997923,44223.128258362165,0.0134870999900158,0.1393295000016223,20,0
birb,4,4096,4,16114.5604638808,3.413278600026388,4102,4096,True,0.0012696303422181,0.2,0.1587037927772652,40584.00673587081,0.0159347000007983,0.1424973000248428,20,0
birb,8,64,0,9450.99934080727,1.2631960000144318,67,64,True,38.42757603755761,3.4000000000000004,0.9777014053927742,15018.695148019997,0.0011802999943029,0.2735664999927394,20,0
birb,8,64,1,10685.146304563188,1.1631415999727324,67,64,True,43.63716162576205,3.6,0.9352958167387272,13225.70094579008,0.0013287000183481,0.2581828999973368,20,0
birb,8,64,2,10163.581450088415,1.1811241000250448,67,64,True,32.35743568720037,3.2,0.9874705715088,17836.149173394846,0.00138989998959,0.2606144000019412,20,0
birb,8,64,3,10339.747126049971,1.0572858999948949,67,64,True,40.34534826705844,3.5,0.940999376491159,14304.797816224533,0.0011653999972622,0.2400528000143822,20,0
birb,8,64,4,9802.829019916162,1.1341102999867871,67,64,True,33.959456429602746,3.3000000000000003,0.944971935041955,16994.73756247597,0.0015443000011146,0.2700133000034839,20,0
birb,8,128,0,9951.417253723768,1.3196842999896037,129,128,True,6.941253212037446,2.0,0.8676566515046807,15018.695148019997,0.0016018000023905,0.2793480999825988,20,0
birb,8,128,1,9174.779034298102,1.2372872999985702,129,128,True,7.882271523006781,2.0,0.9852839403758475,13225.70094579008,0.001512700022431,0.2477270999806933,20,0
birb,8,128,2,10300.229151794734,1.251531700021587,129,128,True,5.844791099432301,1.9,0.8521345822178598,17836.149173394846,0.0031161999795585,0.2452730000077281,20,0
birb,8,128,3,9871.440194993464,1.1481412000139244,129,128,True,7.287664409948253,2.0,0.9109580512435316,14304.797816224533,0.0013901999918743,0.2521627999958582,20,0
birb,8,128,4,9656.949108189616,1.2145455999998376,129,128,True,6.134167447632948,1.9,0.8943238733974262,16994.73756247597,0.0014418000064324,0.2631735000177286,20,0
birb,8,256,0,8832.937613331713,1.4930171000014525,262,256,True,1.6962174405700852,1.2000000000000002,0.9816073151447248,15018.695148019997,0.0043126000091433,0.3064312000060454,20,0
birb,8,256,1,8976.96488333457,1.3279805999773089,262,256,True,1.926171833847934,1.3,0.8767281901902293,13225.70094579008,0.0017056000069715,0.2493156999989878,20,0
birb,8,256,2,9516.966621593983,1.3203139000106603,262,256,True,1.4282776173837106,1.2000000000000002,0.8265495470970543,17836.149173394846,0.0024426000018138,0.2364261999900918,20,0
birb,8,256,3,8355.528169850373,1.3141078000189736,262,256,True,1.780869116219389,1.3,0.8105913137093259,14304.797816224533,0.0016525999817531,0.2477860000217333,20,0
birb,8,256,4,9007.7097411027,1.4097951999865472,262,256,True,1.4989918232644586,1.2000000000000002,0.8674721199447094,16994.73756247597,0.0021214000007603,0.2574472000123933,20,0
birb,8,512,0,9968.547230122347,1.4911114999849815,517,512,True,0.4978036047595302,0.8,0.9722726655459571,15018.695148019997,0.003182900021784,0.2628659999754745,20,0
birb,8,512,1,9196.122738456428,1.4678711000015028,517,512,True,0.5652903096866596,0.9,0.7754325235756646,13225.70094579008,0.0036261999921407,0.2517162000003736,20,0
birb,8,512,2,8524.242590641563,1.5257775000063702,517,512,True,0.41916898713882,0.8,0.8186894280055077,17836.149173394846,0.0025742999860085,0.2694252000073902,20,0
birb,8,512,3,9206.972430916478,1.5654916999919806,517,512,True,0.522647064259036,0.9,0.7169369880096514,14304.797816224533,0.0057146000035572,0.2602108000137377,20,0
birb,8,512,4,8466.974321510836,1.5176831999851856,517,512,True,0.4399220968246353,0.8,0.8592228453606157,16994.73756247597,0.0036653999995905,0.256391100003384,20,0
birb,8,1024,0,8256.24586253435,1.7289000000164378,1026,1024,True,0.1129929930936902,0.5,0.903943944749522,15018.695148019997,0.0066827999835368,0.2610380999976769,20,0
birb,8,1024,1,9403.09684691433,1.7122052000195254,1026,1024,True,0.1283113329185507,0.6000000000000001,0.5940339486969939,13225.70094579008,0.0065141999803017,0.2647795000229962,20,0
birb,8,1024,2,8301.05448342585,1.7312725999800025,1026,1024,True,0.0951442657626899,0.5,0.7611541261015199,17836.149173394846,0.0084478000062517,0.2596771999960765,20,0
birb,8,1024,3,9191.44718264818,1.7215205999964382,1026,1024,True,0.1186320379314773,0.5,0.9490563034518184,14304.797816224533,0.0032667000195942,0.273870299977716,20,0
birb,8,1024,4,8240.092256878734,1.7112486000114586,1026,1024,True,0.0998548704207954,0.5,0.7988389633663633,16994.73756247597,0.0099523999961093,0.2599674999946728,20,0
birb,8,4096,0,8967.453488061718,3.805911000003107,4102,4096,True,0.0068616728487813,0.2,0.857709106097664,15018.695148019997,0.0221732999780215,0.2731732999964151,20,0
birb,8,4096,1,8710.530942151969,3.811260499991477,4102,4096,True,0.0077919025345946,0.2,0.9739878168243298,13225.70094579008,0.0224483000056352,0.2733124000078533,20,0
birb,8,4096,2,8193.736015768836,3.789878000010504,4102,4096,True,0.0057777814997763,0.2,0.7222226874720469,17836.149173394846,0.0230608999845571,0.2628177000151481,20,0
birb,8,4096,3,8267.578504452553,3.76775520000956,4102,4096,True,0.0072041124974453,0.2,0.9005140621806715,14304.797816224533,0.0219987999880686,0.2648348000075202,20,0
birb,8,4096,4,8835.6565475716,3.900324700021884,4102,4096,True,0.0060638401942041,0.2,0.7579800242755158,16994.73756247597,0.019003800000064,0.2486069000151474,20,0
birb,16,64,0,6452.652601589607,1.7325926000194158,67,64,True,162.126300541118,5.5,0.9744631136956756,7119.536409073434,0.0014123999862931,0.4901697000022977,20,0
birb,16,64,1,5952.692461827445,1.80818900000304,67,64,True,153.31404869124887,5.4,0.9736450788195958,7528.756232218377,0.0014391000149771,0.4923819999967236,20,0
birb,16,64,2,6094.015108625105,1.741614600003231,67,64,True,152.26156251981348,5.4,0.9669610991706896,7580.797677816224,0.0015367000014521,0.4860691000067163,20,0
birb,16,64,3,5785.541090123001,1.7390106999955606,67,64,True,171.99197694566666,5.6000000000000005,0.9793639357784406,6711.150834294503,0.0029641999863088,0.4883557000139262,20,0
birb,16,64,4,5867.317297266526,1.7562491999997292,67,64,True,168.68763651526658,5.6000000000000005,0.9605482217751602,6842.612318339099,0.0014046999858692,0.471876900002826,20,0
birb,16,128,0,6001.789069323291,1.802613500010921,129,128,True,29.28521183035072,3.1,0.9830221150800816,7119.536409073434,0.0018211999849881,0.4942055999999866,20,0
birb,16,128,1,5326.718773828708,1.85495120001724,129,128,True,27.69343639808292,3.1,0.9295906951120444,7528.756232218377,0.002191399980802,0.4757711999991443,20,0
birb,16,128,2,4997.222599134925,1.833778500003973,129,128,True,27.50332362565717,3.1,0.9232091445623568,7580.797677816224,0.0019795999978668,0.4796935000049416,20,0
birb,16,128,3,6137.543904345116,1.837460499984445,129,128,True,31.06726953716693,3.2,0.948097825230924,6711.150834294503,0.002790400001686,0.5130583000136539,20,0
birb,16,128,4,5303.925450922523,1.8423815999994984,129,128,True,30.470399633018857,3.2,0.929882801300624,6842.612318339099,0.0029315000283531,0.4823146999988239,20,0
birb,16,256,0,5078.834424188643,1.9719814999843948,262,256,True,7.156357150505043,2.0,0.8945446438131304,7119.536409073434,0.0037255000206641,0.4834168000088539,20,0
birb,16,256,1,5012.717861623533,1.884198199986713,262,256,True,6.7673787964232,1.9,0.9866421922179908,7528.756232218377,0.0032950000022538,0.4945809000055305,20,0
birb,16,256,2,5438.476337524768,2.198728499992285,262,256,True,6.720921393067788,1.9,0.9798689886379628,7580.797677816224,0.0044919000065419,0.508672399999341,20,0
birb,16,256,3,4757.981155141531,2.253814600000624,262,256,True,7.5918343287704815,2.0,0.9489792910963102,6711.150834294503,0.0032300000020768,0.5207125000015367,20,0
birb,16,256,4,4630.405685489948,2.0509706999873742,262,256,True,7.445978658297085,2.0,0.9307473322871356,6842.612318339099,0.0039611000102013,0.5016951999859884,20,0
birb,16,512,0,4457.577300371889,2.0657924999832176,517,512,True,2.100238036268945,1.3,0.9559572308916452,7119.536409073434,0.0080881000030785,0.4943861000065226,20,0
birb,16,512,1,4458.109046093351,2.127040699997451,517,512,True,1.9860811939891647,1.3,0.9039969021343488,7528.756232218377,0.0065247000020463,0.4896798999980092,20,0
birb,16,512,2,4590.805987591504,2.054868399980478,517,512,True,1.972446937964584,1.3,0.8977910505073209,7580.797677816224,0.0068840000021737,0.4873147000034805,20,0
birb,16,512,3,4778.067412802698,2.079502700013109,517,512,True,2.228041290702046,1.4,0.8119684004016201,6711.150834294503,0.0040417999844066,0.4889993999968283,20,0
birb,16,512,4,4648.155447556901,2.1246617999859154,517,512,True,2.1852357654199386,1.3,0.9946453188074368,6842.612318339099,0.0087142999982461,0.4950730999989901,20,0
birb,16,1024,0,4628.490906583145,2.2499614999978803,1026,1024,True,0.4767184882919415,0.8,0.931090797445198,7119.536409073434,0.0146727999963331,0.476984499982791,20,0
birb,16,1024,1,4453.275206159836,2.251135999977123,1026,1024,True,0.4508068171670456,0.8,0.8804820647793857,7528.756232218377,0.0086644000257365,0.4953664999920875,20,0
birb,16,1024,2,4271.342819127694,2.253208500012988,1026,1024,True,0.447712071805434,0.8,0.8744376402449882,7580.797677816224,0.0138498999876901,0.4757851999893319,20,0
birb,16,1024,3,4530.138337349847,2.282984299992677,1026,1024,True,0.5057276640139342,0.8,0.987749343777215,6711.150834294503,0.0137172999966423,0.4717802000232041,20,0
birb,16,1024,4,4724.471268857305,2.2420051000081003,1026,1024,True,0.496011534246434,0.8,0.9687725278250662,6842.612318339099,0.0109780000057071,0.4946054000174626,20,0
birb,16,4096,0,4430.389488020011,4.340640299982624,4102,4096,True,0.028949461537961,0.4,0.4523353365306418,7119.536409073434,0.0583180999965406,0.4929107000061776,20,0
birb,16,4096,1,4419.390836107996,4.352272099989932,4102,4096,True,0.0273759355576657,0.4,0.4277489930885277,7528.756232218377,0.0395964999916031,0.5234459000057541,20,0
birb,16,4096,2,4329.001473633828,4.285506300017005,4102,4096,True,0.0271880023979161,0.4,0.4248125374674402,7580.797677816224,0.0529777999909129,0.4902426000044215,20,0
birb,16,4096,3,4289.159307063431,4.707246100006159,4102,4096,True,0.0307110882368137,0.4,0.4798607537002152,6711.150834294503,0.0540771000087261,0.4851326999778393,20,0
birb,16,4096,4,4388.431372212645,4.410205099993618,4102,4096,True,0.0301210613511146,0.4,0.4706415836111663,6842.612318339099,0.063088399998378,0.5361535999982152,20,0
birb,32,64,0,3965.8628979140926,3.001408999989508,67,64,True,611.8144290082437,8.5,0.9962376210189192,3773.2490272971936,0.0026039000076707,0.9741710999805946,20,0
birb,32,64,1,3823.376367926002,2.8502172000007704,67,64,True,585.423263748948,8.4,0.987716066955762,3943.34892733564,0.0020119000109843,0.945893399999477,20,0
birb,32,64,2,3581.4856676723,2.8437509999785107,67,64,True,658.2001766947718,8.700000000000001,0.9995401337499928,3507.334517493271,0.0021057999983895,0.9651867999928072,20,0
birb,32,64,3,3806.520155789552,2.7885955999954604,67,64,True,579.4517929186949,8.4,0.9776411040227412,3983.986635909265,0.0023945000139065,0.9573534000082872,20,0
birb,32,64,4,4064.952971525271,2.786486800003331,67,64,True,638.9024966199166,8.700000000000001,0.9702347546175436,3613.271526336025,0.0022695999941788,0.9766164000029676,20,0
birb,32,128,0,3410.474012651069,2.87595709998277,129,128,True,110.51331643644949,4.800000000000001,0.9992885239117606,3773.2490272971936,0.0032888000132516,0.9564592999813613,20,0
birb,32,128,1,3367.7032195278493,2.948009699990507,129,128,True,105.74622520887748,4.800000000000001,0.9561833153291144,3943.34892733564,0.0028293000068515,0.95920599999954,20,0
birb,32,128,2,3587.767773709018,2.9550712000054773,129,128,True,118.89207079262292,5.0,0.9511365663409834,3507.334517493271,0.0035912999883294,0.9285928000172134,20,0
birb,32,128,3,2959.5679728787663,2.920161200017901,129,128,True,104.66758597749396,4.800000000000001,0.9464299947328372,3983.986635909265,0.0032506999850738,0.9489654000208247,20,0
birb,32,128,4,3571.86621841168,2.9159365999803413,129,128,True,115.4062905895328,4.9,0.9809372845458334,3613.271526336025,0.002643200015882,0.926362500002142,20,0
birb,32,256,0,3088.999038778561,3.0094091999926604,262,256,True,27.005874735943145,3.1,0.9065111857924588,3773.2490272971936,0.0046317999949678,0.931003600009717,20,0
birb,32,256,1,3009.453774058321,3.0338843000063207,262,256,True,25.8409520578634,3.0,0.9570722984393852,3943.34892733564,0.008565299998736,0.9537701999943238,20,0
birb,32,256,2,2805.181416782617,3.0827720000233967,262,256,True,29.05337089190348,3.1,0.9752398674735144,3507.334517493271,0.0037720000254921,0.9856933999981266,20,0
birb,32,256,3,2745.112651954828,3.155143299984047,262,256,True,25.577367569520156,3.0,0.947309909982228,3983.986635909265,0.0069483000261243,1.0117166999843905,20,0
birb,32,256,4,2801.1083648732933,3.1191633000271395,262,256,True,28.20155912335687,3.1,0.9466469444918556,3613.271526336025,0.004837700020289,0.9641929999925196,20,0
birb,32,512,0,2799.655893750276,3.077014499984216,517,512,True,7.925647662671437,2.0,0.9907059578339296,3773.2490272971936,0.0081915000046137,0.9484306999947876,20,0
birb,32,512,1,2664.359094279473,3.030484899994917,517,512,True,7.583767727620587,2.0,0.9479709659525734,3943.34892733564,0.0065862000046763,0.9280545999936294,20,0
birb,32,512,2,2751.071542127844,2.9787454000033904,517,512,True,8.526544070637726,2.1,0.9206936692190612,3507.334517493271,0.0095506999932695,0.9572811000107322,20,0
birb,32,512,3,2752.5964064652326,3.1091983999940567,517,512,True,7.506411307790435,2.0,0.9383014134738044,3983.986635909265,0.0074561999936122,0.9315891000151169,20,0
birb,32,512,4,2622.591831724954,3.17604720001691,517,512,True,8.276555502652847,2.1,0.8936999786905137,3613.271526336025,0.006487599981483,0.9411167000071146,20,0
birb,32,1024,0,2549.8307662376137,3.4512154000112787,1026,1024,True,1.7989878800573536,1.3,0.818838361428017,3773.2490272971936,0.022749100025976,0.9936569000128656,20,0
birb,32,1024,1,2524.182687232616,3.3429587999999058,1026,1024,True,1.7213869210230517,1.2000000000000002,0.9961729867031544,3943.34892733564,0.0151093000022228,0.9330894999729936,20,0
birb,32,1024,2,2580.918746817962,3.303267300012521,1026,1024,True,1.935381194662129,1.3,0.8809199793637366,3507.334517493271,0.0123012000112794,0.96964670001762,20,0
birb,32,1024,3,2613.075474786005,3.307222900009947,1026,1024,True,1.703828322957368,1.2000000000000002,0.9860117609706986,3983.986635909265,0.0258357999846339,0.9507169999997132,20,0
birb,32,1024,4,2570.0688941172907,3.3291014000133146,1026,1024,True,1.8786380207161275,1.3,0.8550924081548144,3613.271526336025,0.0142639999976381,0.947470399987651,20,0
birb,32,4096,0,2391.30927560996,5.4966318999941,4102,4096,True,0.1092462988536013,0.5,0.8739703908288108,3773.2490272971936,0.1025202000164426,0.9855116999824532,20,0
birb,32,4096,1,2383.616121747056,5.479452800005674,4102,4096,True,0.1045338615681888,0.5,0.836270892545511,3943.34892733564,0.1031832000007852,0.9667876999883448,20,0
birb,32,4096,2,2443.553161813204,5.410322999989148,4102,4096,True,0.1175289921247041,0.5,0.9402319369976336,3507.334517493271,0.1022969000041484,0.9712231000012252,20,0
birb,32,4096,3,2474.2345992318283,5.375873599987244,4102,4096,True,0.1034675887639091,0.5,0.8277407101112734,3983.986635909265,0.1049261000007391,0.9559471999818924,20,0
birb,32,4096,4,2444.1969983034246,5.5176508000004105,4102,4096,True,0.1140831758368205,0.5,0.9126654066945646,3613.271526336025,0.0971227000118233,0.9564310999994632,20,0
birb,64,64,0,3223.58216070742,5.27567679999629,67,64,True,2297.506070556916,13.2,0.9989295810015246,2009.594863514033,0.0026528000016696,1.8629358999896797,20,0
birb,64,64,1,2862.740346020761,5.123258300009184,67,64,True,2235.911235119713,13.1,0.9945821744403196,2064.955140330642,0.0038297999999485,1.958141200011596,20,0
birb,64,64,2,3240.1052979623223,5.269079299992882,67,64,True,2242.559228342943,13.1,0.9975393470917956,2058.8336485966934,0.0023692999966442,1.870252900000196,20,0
birb,64,64,3,2834.1440676662824,5.047645999991801,67,64,True,2215.4838893663127,13.1,0.9854956446897888,2083.994571318723,0.0025977999903261,1.887222399993334,20,0
birb,64,64,4,3001.2290965013453,5.051625899999635,67,64,True,2296.0663410071647,13.2,0.9983036029228076,2010.8549634755864,0.0088834000052884,1.9321047000121323,20,0
birb,64,128,0,2035.3451543369115,5.153550199989695,129,128,True,415.00331367094793,7.5,0.983711558331136,2009.594863514033,0.0065260000119451,1.8662791999813635,20,0
birb,64,128,1,2190.9073351668967,5.071590100007597,129,128,True,403.8773100712015,7.4,0.9966766777663748,2064.955140330642,0.0055356000084429,1.8378903999982867,20,0
birb,64,128,2,2184.443737851412,5.282749200006947,129,128,True,405.0781509535211,7.4,0.9996400779655724,2058.8336485966934,0.0062679999973624,2.015814300015336,20,0
birb,64,128,3,2354.244527258739,5.210654800001066,129,128,True,400.18747600033504,7.4,0.9875710125765872,2083.994571318723,0.0081091999891214,1.937119000009261,20,0
birb,64,128,4,2134.6208157308115,5.125252099998761,129,128,True,414.74325231938354,7.5,0.9830951166089092,2010.8549634755864,0.0068252999917604,1.824425400001928,20,0
birb,64,256,0,1710.9534860470058,5.183027399994899,262,256,True,101.41336687189016,4.7,0.976790950674611,2009.594863514033,0.0094268000102601,1.9588965000002645,20,0
birb,64,256,1,1751.0140080749309,5.169550999999046,262,256,True,98.69453199103498,4.7,0.950603738969544,2064.955140330642,0.0077801000152248,1.857108600001084,20,0
birb,64,256,2,1828.0309195925015,5.31762349998462,262,256,True,98.98797860445168,4.7,0.9534301513580966,2058.8336485966934,0.009401399991475,1.8126551000168547,20,0
birb,64,256,3,1836.5971424402571,5.701299600012135,262,256,True,97.79285606701602,4.7,0.9419189973995744,2083.994571318723,0.0222521999967284,2.3196398000000045,20,0
birb,64,256,4,1697.2912531877428,5.338826499995776,262,256,True,101.34981630160168,4.7,0.9761788457432524,2010.8549634755864,0.0085248000104911,1.84332899999572,20,0
birb,64,512,0,1527.2321845958636,5.309828900004504,517,512,True,29.76265801314977,3.1,0.9990486392920602,2009.594863514033,0.0216010999865829,1.9457933999947272,20,0
birb,64,512,1,1578.542167906692,5.202989899989916,517,512,True,28.96473802243161,3.1,0.9722647115716696,2064.955140330642,0.013946399994893,1.8486714000173377,20,0
birb,64,512,2,1525.6095655520871,5.338201599981403,517,512,True,29.05085833841789,3.1,0.9751555281265444,2058.8336485966934,0.0190608000266365,2.048676600010367,20,0
birb,64,512,3,1593.9430116249964,5.263062299985904,517,512,True,28.70011538940961,3.1,0.9633820747678696,2083.994571318723,0.0143543000158388,1.8185024999838788,20,0
birb,64,512,4,1562.7091649503195,5.227918599994155,517,512,True,29.74400727756749,3.1,0.998422586605602,2010.8549634755864,0.0187320999975781,1.788518899993505,20,0
birb,64,1024,0,1461.2242790106616,5.382269499998074,1026,1024,True,6.7556196443258365,1.9,0.9849277801903826,2009.594863514033,0.0309512999956496,1.8548281000112183,20,0
birb,64,1024,1,1441.795469835571,5.403389200015226,1026,1024,True,6.574505311005397,1.9,0.9585224246982644,2064.955140330642,0.0261737999971956,2.026550499984296,20,0
birb,64,1024,2,1459.9207667995836,5.568478200002573,1026,1024,True,6.594053165172027,1.9,0.9613723815675792,2058.8336485966934,0.0369618000113405,1.860570299992105,20,0
birb,64,1024,3,1497.3747496498631,5.340804800012847,1026,1024,True,6.514440451973422,1.9,0.9497653378004696,2083.994571318723,0.0408515000017359,1.902615300001344,20,0
birb,64,1024,4,1503.1376178948176,5.510666499991203,1026,1024,True,6.751386243007139,1.9,0.9843105763241198,2010.8549634755864,0.0338887000107206,1.8203448999847751,20,0
birb,64,4096,0,1339.221556964582,7.764252199995099,4102,4096,True,0.4102453667346282,0.8,0.8012604819035706,2009.594863514033,0.1889441999956034,1.8390259000007063,20,0
birb,64,4096,1,1305.479756960705,7.62603830001899,4102,4096,True,0.399246920995258,0.8,0.779779142568863,2064.955140330642,0.2872153000207618,2.0116543999756686,20,0
birb,64,4096,2,1342.0211472884753,7.749444499990204,4102,4096,True,0.4004339944279963,0.8,0.7820976453671801,2058.8336485966934,0.2176905999949667,2.0755377000023145,20,0
birb,64,4096,3,1335.327651879334,7.562413599982392,4102,4096,True,0.3955993902847134,0.8,0.7726550591498307,2083.994571318723,0.2324626000190619,1.9648328000039328,20,0
birb,64,4096,4,1343.7798924844917,7.582037500018487,4102,4096,True,0.4099882869450663,0.8,0.8007583729395824,2010.8549634755864,0.1965046999976039,1.8575816999946253,20,0
balloons,2,64,0,39206.06275225356,0.3959386000060476,65,64,True,1.7103801963400318,1.2000000000000002,0.9898033543634438,49073.273156478266,0.0004779000009875,0.048132700001588,20,0
balloons,2,64,1,39105.06979831682,0.3925658999942243,65,64,True,0.8310648653172759,1.0,0.8310648653172759,100995.67203383314,0.0011006999993696,0.050786199979484,20,0
balloons,2,64,2,38808.369008188914,0.3884798999933991,65,64,True,0.3450479539571869,0.8,0.6739217850726307,243253.01342560552,0.00048550000065,0.0516853000153787,20,0
balloons,2,64,3,38699.038323222194,0.3810536000237334,65,64,True,1.7087596234522855,1.2000000000000002,0.9888655228311832,49119.81382545175,0.0004858000029344,0.0487788000027649,20,0
balloons,2,64,4,39235.60290286383,0.4201679000107106,65,64,True,1.0533576306348895,1.1,0.7914031785386094,79682.29605536332,0.0004621999978553,0.0613250999886076,20,0
balloons,2,128,0,38580.91237214625,0.4462380999757442,131,128,True,0.4126575056366491,0.8,0.80597169069658,49073.273156478266,0.0007276000105775,0.0473704999894835,20,0
balloons,2,128,1,38520.93916577846,0.4276179000153206,131,128,True,0.2005081414517884,0.6000000000000001,0.9282784326471684,100995.67203383314,0.0005782999796792,0.0475197000196203,20,0
balloons,2,128,2,38602.88933200478,0.5010235999943689,131,128,True,0.0832485246904104,0.5,0.6659881975232832,243253.01342560552,0.0009112000116147,0.0534557000210043,20,0
balloons,2,128,3,38587.05586266053,0.4663633999880403,131,128,True,0.4122665156292866,0.8,0.8052080383384502,49119.81382545175,0.0008059999963734,0.0487984000064898,20,0
balloons,2,128,4,38575.5189224086,0.4408851999905891,131,128,True,0.2541399469727657,0.7000000000000001,0.7409327900080631,79682.29605536332,0.0005026000144425,0.0452462999965064,20,0
balloons,2,256,0,38508.2011622044,0.5076838000095449,260,256,True,0.1170277281164964,0.5,0.9362218249319716,49073.273156478266,0.0008871000027284,0.0539996000006794,20,0
balloons,2,256,1,38586.98663743732,0.5053436000016518,260,256,True,0.0568631660455612,0.4,0.8884869694618944,100995.67203383314,0.0004858000029344,0.0503738000115845,20,0
balloons,2,256,2,38536.207717229336,0.5324146999919321,260,256,True,0.0236088901340548,0.3,0.8744033382983291,243253.01342560552,0.0009307000145781,0.0468268999829888,20,0
balloons,2,256,3,38511.129698924015,0.4945215000188909,260,256,True,0.1169168451890011,0.5,0.9353347615120092,49119.81382545175,0.0010215999791398,0.0559769000101368,20,0
balloons,2,256,4,38494.427535828414,0.5062078000046313,260,256,True,0.0720728938929258,0.5,0.5765831511434064,79682.29605536332,0.0006828999903518,0.0470420999918133,20,0
balloons,2,512,0,38482.43668999032,0.5724733000097331,516,512,True,0.0225464730375924,0.3,0.8350545569478698,49073.273156478266,0.0018615000008139,0.0492695999855641,20,0
balloons,2,512,1,38480.301352832576,0.5505006999883335,516,512,True,0.0109552142958987,0.3,0.4057486776258789,100995.67203383314,0.0012883000017609,0.0489637000137008,20,0
balloons,2,512,2,38484.01850555702,0.575490000017453,516,512,True,0.0045484708062098,0.2,0.5685588507762359,243253.01342560552,0.0008413999748881,0.0490182000212371,20,0
balloons,2,512,3,38501.47891377621,0.5846448999946006,516,512,True,0.0225251104171662,0.3,0.834263348783934,49119.81382545175,0.0008139999990817,0.0510977000230923,20,0
balloons,2,512,4,38485.820317464015,0.5642030999879353,516,512,True,0.0138855088879492,0.3,0.5142781069610822,79682.29605536332,0.001494600001024,0.0480179000005591,20,0
balloons,2,1024,0,38482.2771796754,0.7542065000161529,1029,1024,True,0.0065828609969079,0.2,0.822857624613495,49073.273156478266,0.001372500002617,0.0522191999771166,20,0
balloons,2,1024,1,38497.58747112163,0.7325981999747455,1029,1024,True,0.0031985780117802,0.2,0.399822251472535,100995.67203383314,0.0011756000167224,0.0484890000079758,20,0
balloons,2,1024,2,38477.878335679874,0.7287917000066955,1029,1024,True,0.0013280104172324,0.2,0.1660013021540573,243253.01342560552,0.0016322000010404,0.0510199000127613,20,0
balloons,2,1024,3,38479.36377821394,0.8857653000159189,1029,1024,True,0.0065766237836391,0.2,0.8220779729548888,49119.81382545175,0.002938699995866,0.05945729999803,20,0
balloons,2,1024,4,38478.1574707669,0.8504573000245728,1029,1024,True,0.0040541318692415,0.2,0.5067664836551976,79682.29605536332,0.0009236999903805,0.0578353999881073,20,0
balloons,2,4096,0,38477.41249154258,3.134216400008881,4102,4096,True,0.0004093331873833,0.1,0.4093331873833543,49073.273156478266,0.0034239999949932,0.046102599997539,20,0
balloons,2,4096,1,38476.839906108544,2.821992599987425,4102,4096,True,0.0001988928724564,0.1,0.1988928724564165,100995.67203383314,0.0059216000081505,0.0478665999835357,20,0
balloons,2,4096,2,38477.34309787914,2.925910899997689,4102,4096,True,8.257788478586967e-05,0.1,0.0825778847858696,243253.01342560552,0.0041407000098843,0.0484172999858856,20,0
balloons,2,4096,3,38478.60722456238,2.746638599986909,4102,4096,True,0.0004089453471435,0.1,0.4089453471435365,49119.81382545175,0.0034688999876379,0.0517306000110693,20,0
balloons,2,4096,4,38477.4971320405,2.796416400000453,4102,4096,True,0.00025209262673,0.1,0.252092626730015,79682.29605536332,0.0035734999983105,0.0505225000088103,20,0
balloons,4,64,0,21671.069869175662,0.4289542000042274,65,64,True,5.544893809010427,1.8,0.950770543383132,30274.32353710111,0.0007751999946776,0.0814830999879632,20,0
balloons,4,64,1,21837.812893050024,0.4115351000218652,65,64,True,6.955987447428558,2.0,0.8694984309285697,24132.865451749327,0.0009655999892856,0.0793383000127505,20,0
balloons,4,64,2,21390.831859314247,0.4298246999969706,65,64,True,5.054715477875753,1.8,0.8667207609526324,33210.1598769704,0.000705000013113,0.0780955999798607,20,0
balloons,4,64,3,24272.197145923084,0.4384124000207521,65,64,True,5.224994506243228,1.8,0.8959181252131734,32127.863283352555,0.0008812999876681,0.0805221000046003,20,0
balloons,4,64,4,22021.207362934845,0.4561113000090699,65,64,True,4.32455371643557,1.7000000000000002,0.8802266876522632,38817.394848135336,0.0013348999782465,0.0789003000245429,20,0
balloons,4,128,0,21307.82631156879,0.5231957999931183,131,128,True,1.3377973231581124,1.2000000000000002,0.7741882657164998,30274.32353710111,0.0012753999908454,0.0876229999994393,20,0
balloons,4,128,1,22381.498004047666,0.516512000001967,131,128,True,1.6782469976196177,1.2000000000000002,0.971207753252093,24132.865451749327,0.0009360999974887,0.0800234000198543,20,0
balloons,4,128,2,23808.220365322617,0.4791067000187468,131,128,True,1.2195336950618498,1.1,0.9162537152981588,33210.1598769704,0.0008961000130511,0.080881900008535,20,0
balloons,4,128,3,19947.484718422435,0.493402199994307,131,128,True,1.2606163264315975,1.1,0.9471197043062336,32127.863283352555,0.00077769998461,0.0829268000088632,20,0
balloons,4,128,4,19611.480511228096,0.4848926000122446,131,128,True,1.0433700959790722,1.1,0.7838993959271764,38817.394848135336,0.001228400011314,0.0796151999966241,20,0
balloons,4,256,0,19558.762730721683,0.5311666000052355,260,256,True,0.3793930299849606,0.8,0.7410020116893761,30274.32353710111,0.0009820000268518,0.0810382999770809,20,0
balloons,4,256,1,19340.543827203564,0.5319683999987319,260,256,True,0.475942956730537,0.8,0.92957608736433,24132.865451749327,0.0013694000081159,0.07881079998333,20,0
balloons,4,256,2,20909.46596484956,0.565466700005345,260,256,True,0.3458540211801474,0.8,0.6754961351174752,33210.1598769704,0.0018903999880421,0.0819559000083245,20,0
balloons,4,256,3,21056.38580903919,0.5907479999877978,260,256,True,0.3575048622495024,0.8,0.6982516840810593,32127.863283352555,0.0019004000059794,0.0849989000125788,20,0
balloons,4,256,4,19496.65505283356,0.5939729000092484,260,256,True,0.2958948528725788,0.7000000000000001,0.8626672095410458,38817.394848135336,0.0014495000068563,0.0828693000075873,20,0
balloons,4,512,0,19328.599281252034,0.6155028000066523,516,512,True,0.0730935724283333,0.5,0.5847485794266669,30274.32353710111,0.0021770999883301,0.0752446000115014,20,0
balloons,4,512,1,21937.84825427497,0.5885322999965865,516,512,True,0.0916948078379765,0.5,0.7335584627038124,24132.865451749327,0.0015753000043332,0.0773983999970369,20,0
balloons,4,512,2,19360.83221607568,0.5971847000182606,516,512,True,0.0666319725161096,0.5,0.5330557801288769,33210.1598769704,0.0016404999769292,0.0807386999949812,20,0
balloons,4,512,3,20937.35996202681,0.6403632999863476,516,512,True,0.0688766146899198,0.5,0.5510129175193589,32127.863283352555,0.0036897000099997,0.082878699991852,20,0
balloons,4,512,4,20917.96356695626,0.5869507000024896,516,512,True,0.0570068771702796,0.4,0.8907324557856194,38817.394848135336,0.0012652000004891,0.0771894000063184,20,0
balloons,4,1024,0,19293.06440621236,0.739506000012625,1029,1024,True,0.0213410242152233,0.3,0.7904083042675328,30274.32353710111,0.0051058999961242,0.0943842999986372,20,0
balloons,4,1024,1,21926.264840981283,0.8574084999854676,1029,1024,True,0.0267719999101039,0.3,0.9915555522260698,24132.865451749327,0.0019361000158824,0.0837844999914523,20,0
balloons,4,1024,2,19301.19697443311,0.7324155999813229,1029,1024,True,0.0194544402706356,0.3,0.7205348248383585,33210.1598769704,0.0029306000215001,0.0782344999897759,20,0
balloons,4,1024,3,21914.41269348777,0.746041200007312,1029,1024,True,0.020109805187062,0.3,0.7448075995208151,32127.863283352555,0.0020809999841731,0.078163800004404,20,0
balloons,4,1024,4,19306.9467158778,0.728056000021752,1029,1024,True,0.0166442151574687,0.3,0.616452413239582,38817.394848135336,0.0033364999981131,0.0807461999938823,20,0
balloons,4,4096,0,19285.122091408237,2.804361799993785,4102,4096,True,0.0013270201920025,0.2,0.1658775240003157,30274.32353710111,0.0094767000118736,0.0817945999733638,20,0
balloons,4,4096,1,19286.270946509525,2.8018488999805413,4102,4096,True,0.0016647272456424,0.2,0.2080909057053062,24132.865451749327,0.0157032000133767,0.078783899982227,20,0
balloons,4,4096,2,19285.053627776982,2.8104323000006843,4102,4096,True,0.0012097092811892,0.2,0.1512136601486584,33210.1598769704,0.0110282000096049,0.0782031999842729,20,0
balloons,4,4096,3,19285.28132263152,2.8180415000242647,4102,4096,True,0.0012504609559194,0.2,0.1563076194899315,32127.863283352555,0.009311699977843,0.0803569999989122,20,0
balloons,4,4096,4,19286.473360245214,2.8103690999851096,4102,4096,True,0.0010349648344543,0.2,0.1293706043067969,38817.394848135336,0.0107744999986607,0.0786922000115737,20,0
balloons,8,64,0,12256.002194387169,0.5773595999926329,65,64,True,21.224281813703996,2.8000000000000003,0.9668495724172734,15818.477216455209,0.0011562000145204,0.1472548999881837,20,0
balloons,8,64,1,11679.777514626516,0.584750800015172,65,64,True,17.73323431609975,2.7,0.9009416408118552,18932.576670511346,0.001091100013582,0.1505700999987311,20,0
balloons,8,64,2,13625.114769668851,0.5971191999851726,65,64,True,20.14339263611656,2.8000000000000003,0.9176108161496244,16667.29256439831,0.0012486999912653,0.1501436000107787,20,0
balloons,8,64,3,11423.820579321698,0.5934009000193328,65,64,True,15.69677100006811,2.6,0.893079824764913,21388.846043829293,0.0014509999891743,0.1434009000076912,20,0
balloons,8,64,4,12377.03049720563,0.6014298000081908,65,64,True,22.92046280891621,2.9000000000000004,0.9397869042976834,14647.863836985778,0.0016745000029914,0.1577082999865524,20,0
balloons,8,128,0,10084.424335767344,0.6857239000091795,131,128,True,5.12070895752536,1.8,0.8780365153507131,15818.477216455209,0.0013676999951712,0.1430859999964013,20,0
balloons,8,128,1,11176.465092464898,0.6273569999902975,131,128,True,4.2784360199041656,1.7000000000000002,0.8708398167930317,18932.576670511346,0.0016009999962989,0.1440445000189356,20,0
balloons,8,128,2,10597.111696259572,0.6278970999992453,131,128,True,4.859926569581829,1.7000000000000002,0.9891973477675204,16667.29256439831,0.0014222999743651,0.1396117000258527,20,0
balloons,8,128,3,9630.94674311629,0.6460664999904111,131,128,True,3.7871055694508646,1.6,0.9245863206667148,21388.846043829293,0.0014801000070292,0.1492383999866433,20,0
balloons,8,128,4,9890.24174591017,0.6191124999895692,131,128,True,5.529940671088425,1.8,0.9482065622579602,14647.863836985778,0.0010637000086717,0.1418508999922778,20,0
balloons,8,256,0,9237.25477891805,0.6888513000158127,260,256,True,1.4522089807149832,1.2000000000000002,0.8403987156915408,15818.477216455209,0.0024199000035878,0.1448906999721657,20,0
balloons,8,256,1,9807.660010069234,0.6922455000167247,260,256,True,1.2133443363127376,1.1,0.9116035584618613,18932.576670511346,0.0023752000124659,0.1374209999921731,20,0
balloons,8,256,2,9873.848149766767,0.680070300004445,260,256,True,1.3782523217981857,1.2000000000000002,0.7975997232628385,16667.29256439831,0.0036916999961249,0.150407000008272,20,0
balloons,8,256,3,10326.472116191191,0.7000865000009071,260,256,True,1.074005330998162,1.1,0.8069161014261168,21388.846043829293,0.0022152999881654,0.1451589000062085,20,0
balloons,8,256,4,9960.33665863758,0.6869988999969792,260,256,True,1.5682651703088677,1.2000000000000002,0.907560862447261,14647.863836985778,0.0023089000023901,0.1505721999856177,20,0
balloons,8,512,0,9291.794772874222,0.7582814999914262,516,512,True,0.2797814770534254,0.7000000000000001,0.8156894374735434,15818.477216455209,0.003649000020232,0.1477847999776713,20,0
balloons,8,512,1,9174.03155373905,0.7450152999954298,516,512,True,0.2337619964454771,0.7000000000000001,0.6815218555261723,18932.576670511346,0.0043595999886747,0.1431465999921783,20,0
balloons,8,512,2,9551.144516108518,0.7438585000054445,516,512,True,0.2655330434295742,0.7000000000000001,0.7741488146634814,16667.29256439831,0.0032236000115517,0.1517462999909185,20,0
balloons,8,512,3,9374.57253516726,0.7968186000071,516,512,True,0.2069170497224005,0.6000000000000001,0.9579493042703722,21388.846043829293,0.0027925999893341,0.1501697000057902,20,0
balloons,8,512,4,9759.727839030536,0.7684509000100661,516,512,True,0.302140774218619,0.7000000000000001,0.8808768927656531,14647.863836985778,0.0035846999962814,0.150135899981251,20,0
balloons,8,1024,0,9139.93814494749,0.945380599994678,1029,1024,True,0.08168739163245,0.5,0.6534991330596004,15818.477216455209,0.006610799988266,0.1480571000138297,20,0
balloons,8,1024,1,9383.757046117846,0.9191558999882544,1029,1024,True,0.0682511506963655,0.5,0.5460092055709247,18932.576670511346,0.0078080999956,0.1459119000064674,20,0
balloons,8,1024,2,9527.9731077607,0.9325517000106628,1029,1024,True,0.0775272971550081,0.5,0.6202183772400649,16667.29256439831,0.0086606999975629,0.1438765999919269,20,0
balloons,8,1024,3,9226.60493307214,0.9047884000174236,1029,1024,True,0.0604132705785854,0.4,0.9439573527903968,21388.846043829293,0.0059004999930039,0.1383519000082742,20,0
balloons,8,1024,4,9489.736279994251,0.902334399987012,1029,1024,True,0.0882156031616598,0.5,0.7057248252932784,14647.863836985778,0.009501900000032,0.1476167000073474,20,0
balloons,8,4096,0,9218.904347552125,3.023420100013027,4102,4096,True,0.0050794571542144,0.2,0.6349321442768009,15818.477216455209,0.0163492999854497,0.1383476000046357,20,0
balloons,8,4096,1,9373.422451253393,2.966459899995243,4102,4096,True,0.0042439694640745,0.2,0.530496183009323,18932.576670511346,0.0220301000226754,0.1432594000070821,20,0
balloons,8,4096,2,9063.484135144552,2.9484289000101853,4102,4096,True,0.0048207755972033,0.2,0.6025969496504247,16667.29256439831,0.0138895999989472,0.1452440999855753,20,0
balloons,8,4096,3,9373.991718587004,3.088299299997743,4102,4096,True,0.0037565971114688,0.2,0.4695746389336059,21388.846043829293,0.0214083999744616,0.1466379000048618,20,0
balloons,8,4096,4,9167.417094250814,2.918119799986016,4102,4096,True,0.0054853921472849,0.2,0.6856740184106189,14647.863836985778,0.0258532000007107,0.1425956000166479,20,0
balloons,16,64,0,5841.645103659519,0.9202101000119,65,64,True,81.2437568557915,4.4,0.9537443282282058,8264.901361014994,0.0023621000000275,0.2662296000053175,20,0
balloons,16,64,1,6439.335707430977,0.866376299993135,65,64,True,78.4235314694943,4.3,0.9863726649162252,8562.119354094579,0.0018997000006493,0.2774458999920171,20,0
balloons,16,64,2,6542.228110515269,0.8870262000127696,65,64,True,69.14301613859791,4.2,0.933255265881086,9711.344313725487,0.0015143000055104,0.2792325000045821,20,0
balloons,16,64,3,6227.2747855032085,0.906768800021382,65,64,True,91.60508444527264,4.6000000000000005,0.9411223436885902,7330.06951172626,0.0014749000256415,0.2725522999826353,20,0
balloons,16,64,4,6629.448245797794,0.8835055000090506,65,64,True,76.2907320910053,4.3,0.9595473617543776,8801.48372164552,0.0017513999773655,0.2687405000033322,20,0
balloons,16,128,0,5882.449907157114,0.920410799997626,131,128,True,19.601399808301004,2.7,0.995854280765178,8264.901361014994,0.0023242000024765,0.2759209999931045,20,0
balloons,16,128,1,5300.245601616245,0.931730599986622,131,128,True,18.92097379791285,2.7,0.9612850580659884,8562.119354094579,0.0019467000092845,0.2784362999955192,20,0
balloons,16,128,2,5839.534897577185,0.9603181000275072,131,128,True,16.68189600943907,2.6,0.9491292677195646,9711.344313725487,0.0018240000063087,0.2808867999992799,20,0
balloons,16,128,3,5035.321131049345,0.9410637999826575,131,128,True,22.10124142673696,2.9000000000000004,0.906197114549057,7330.06951172626,0.0030175000138115,0.2804745999746956,20,0
balloons,16,128,4,5978.715939830442,0.9494560999737588,131,128,True,18.406400679354764,2.7,0.9351420352260712,8801.48372164552,0.0024904000165406,0.278276500001084,20,0
balloons,16,256,0,5884.134993940343,1.0014740000187885,260,256,True,5.5588648119450745,1.8,0.9531661200180168,8264.901361014994,0.0035259999858681,0.2834685000125319,20,0
balloons,16,256,1,4816.580137074318,0.9999513999791816,260,256,True,5.365899195036579,1.8,0.9200787371461896,8562.119354094579,0.0041329000086989,0.2853699999977834,20,0
balloons,16,256,2,4961.179575015843,0.9873204000177792,260,256,True,4.730907263272417,1.7000000000000002,0.9629365486001256,9711.344313725487,0.0027952999807894,0.2882081000134349,20,0
balloons,16,256,3,5266.920006645545,1.0692087000061292,260,256,True,6.267808139669789,1.9,0.9138078640719912,7330.06951172626,0.0026172999932896,0.2816385999904014,20,0
balloons,16,256,4,4684.741985626377,1.0407108000072185,260,256,True,5.219968678343888,1.8,0.8950563577407213,8801.48372164552,0.004274599981727,0.2932773999928031,20,0
balloons,16,512,0,4696.456193107009,1.1074892999895385,516,512,True,1.070966664219761,1.1,0.8046331061004964,8264.901361014994,0.007269499998074,0.2863031000015326,20,0
balloons,16,512,1,5073.631914652544,1.113766399997985,516,512,True,1.0337900553183317,1.1,0.7767017695855231,8562.119354094579,0.0057884000125341,0.2786491999868303,20,0
balloons,16,512,2,5110.674069109743,1.082459800003562,516,512,True,0.9114529929910375,1.0,0.9114529929910375,9711.344313725487,0.0057385999825783,0.3013838999904692,20,0
balloons,16,512,3,4607.684017457754,1.1281665000133216,516,512,True,1.2075511462137614,1.1,0.907251048996064,7330.06951172626,0.0056660000118426,0.2930335999990348,20,0
balloons,16,512,4,4776.605205077545,1.1257742999878246,516,512,True,1.0056751930294694,1.1,0.7555786574225913,8801.48372164552,0.0060682999901473,0.2835027000110131,20,0
balloons,16,1024,0,4910.337523011948,1.252735499991104,1029,1024,True,0.312688581984692,0.7000000000000001,0.9116285189058076,8264.901361014994,0.013231100019766,0.2964571999909822,20,0
balloons,16,1024,1,4396.676168799882,1.3208960999909325,1029,1024,True,0.301834181461538,0.7000000000000001,0.8799830363310144,8562.119354094579,0.0069133999932091,0.290187300008256,20,0
balloons,16,1024,2,4484.808217817662,1.225400700001046,1029,1024,True,0.2661156069985659,0.7000000000000001,0.7758472507246817,9711.344313725487,0.0106095999944955,0.2807134999893605,20,0
balloons,16,1024,3,5035.05481634191,1.19296949999989,1029,1024,True,0.3525669548815107,0.8,0.6886073337529505,7330.06951172626,0.008515499997884,0.2804623999982141,20,0
balloons,16,1024,4,4721.518743984854,1.2324485999997703,1029,1024,True,0.2936255259398427,0.7000000000000001,0.8560510960345267,8801.48372164552,0.0149459999811369,0.2823816000018269,20,0
balloons,16,4096,0,4280.191526364243,3.2934413000184577,4102,4096,True,0.0194434933355413,0.3,0.7201293827978291,8264.901361014994,0.0490186999959405,0.2804631000035442,20,0
balloons,16,4096,1,4358.52778827801,3.3205827999918256,4102,4096,True,0.0187685487536392,0.3,0.6951314353199708,8562.119354094579,0.0571337000001221,0.2787725000234786,20,0
balloons,16,4096,2,4420.951555872517,3.4139876999834087,4102,4096,True,0.0165475087012082,0.3,0.6128706926373432,9711.344313725487,0.0471448999887798,0.2810406000062357,20,0
balloons,16,4096,3,4332.193591058969,3.3908795999886934,4102,4096,True,0.0219231965365028,0.3,0.8119702420926965,7330.06951172626,0.0518223000108264,0.276387700025225,20,0
balloons,16,4096,4,4276.457562945976,3.346557100012433,4102,4096,True,0.0182581209730122,0.3,0.6762267027041574,8801.48372164552,0.0516239999851677,0.2712048999965191,20,0
balloons,32,64,0,3882.751741415597,1.63207799999509,65,64,True,392.5166260227156,7.4,0.9686411121323406,3421.3665974625146,0.0027870000049006,0.5422433999774512,20,0
balloons,32,64,1,3715.813374834147,1.5570287000155076,65,64,True,344.4796114444528,7.1000000000000005,0.9624728254914008,3898.469542483661,0.0019503000075928,0.5244794999889564,20,0
balloons,32,64,2,3512.4228973754475,1.5659920999896713,65,64,True,326.72798675064524,6.9,0.9945784948072812,4110.279277201076,0.003532400005497,0.5361286999832373,20,0
balloons,32,64,3,3798.131963332962,1.5073848000029102,65,64,True,364.5530942760572,7.2,0.9767047493249988,3683.8070895809306,0.0024330999876838,0.5288154000008944,20,0
balloons,32,64,4,4112.811217567417,1.5561031000106595,65,64,True,388.1004877504522,7.300000000000001,0.997644030339168,3460.29782391388,0.0020174999954178,0.5732647999830078,20,0
balloons,32,128,0,3008.2879220428968,1.601725099986652,131,128,True,94.70112677991148,4.6000000000000005,0.9729301263654914,3421.3665974625146,0.0044466000108513,0.5483634000120219,20,0
balloons,32,128,1,3026.3065804069456,1.5887846999976318,131,128,True,83.11140266096102,4.4,0.9756691709823556,3898.469542483661,0.0029096999787725,0.5426144000084605,20,0
balloons,32,128,2,3060.20578907428,1.5733242999995127,131,128,True,78.82852965832704,4.3,0.9914665332401807,4110.279277201076,0.0028308999899309,0.561385999986669,20,0
balloons,32,128,3,3124.0607468702747,1.5463136000034865,131,128,True,87.9544623341585,4.5,0.965206719716417,3683.8070895809306,0.0040564000082667,0.5625326999870595,20,0
balloons,32,128,4,3359.308540424742,1.7198600000119768,131,128,True,93.6356603953741,4.6000000000000005,0.961983853819492,3460.29782391388,0.0030724999960511,0.5775280999951065,20,0
balloons,32,256,0,2739.156607623492,1.7047983999946157,260,256,True,26.85679423188241,3.0,0.9946960826623116,3421.3665974625146,0.0056455000012647,0.5833427000034135,20,0
balloons,32,256,1,2569.45480345864,1.7457680999941658,260,256,True,23.570002971306156,2.9000000000000004,0.9664194092134216,3898.469542483661,0.0064591999980621,0.5613764000008814,20,0
balloons,32,256,2,2705.789443436444,1.7018849000160117,260,256,True,22.35540032755572,2.9000000000000004,0.9166181609559928,4110.279277201076,0.0070148000086192,0.5520482999854721,20,0
balloons,32,256,3,2910.6203452788204,1.662125799979549,260,256,True,24.943471920604686,3.0,0.9238322933557293,3683.8070895809306,0.0043424000032246,0.5782831000105944,20,0
balloons,32,256,4,2840.619961687124,1.729160499991849,260,256,True,26.55463297548036,3.0,0.983504925017791,3460.29782391388,0.0059404000057838,0.5694932999904267,20,0
balloons,32,512,0,2458.727293944953,1.7532032000017352,516,512,True,5.17420953795266,1.8,0.8872101402525135,3421.3665974625146,0.0069862999953329,0.5341072999872267,20,0
balloons,32,512,1,2472.2640840767376,1.7284852000011597,516,512,True,4.540978835028921,1.7000000000000002,0.9242782078218847,3898.469542483661,0.0100745999952778,0.5414596000046004,20,0
balloons,32,512,2,2609.8877024810786,1.692637800006196,516,512,True,4.306974414030103,1.7000000000000002,0.8766485678872586,4110.279277201076,0.0099224000005051,0.5469230000162497,20,0
balloons,32,512,3,2512.75654323374,1.7043066000042018,516,512,True,4.80559031755299,1.7000000000000002,0.9781376587732524,3683.8070895809306,0.0102820000029169,0.5364712000009604,20,0
balloons,32,512,4,2486.0565752762177,1.6920855999924242,516,512,True,5.1159953802472975,1.8,0.8772282887941181,3460.29782391388,0.0094029000028967,0.541433699982008,20,0
balloons,32,1024,0,2361.7020037072834,1.8718065999855755,1029,1024,True,1.510706446211188,1.2000000000000002,0.8742514156314741,3421.3665974625146,0.0198153000092133,0.5409904999833088,20,0
balloons,32,1024,1,2258.643754559612,1.9139666999981275,1029,1024,True,1.3258229972845614,1.1,0.996110441235583,3898.469542483661,0.0212513000005856,0.5416407999873627,20,0
balloons,32,1024,2,2394.599036840024,1.9267270999844184,1029,1024,True,1.2575010662433406,1.1,0.9447791632181368,4110.279277201076,0.0140370000153779,0.5516312000108883,20,0
balloons,32,1024,3,2337.733769841053,1.875494100007927,1029,1024,True,1.4030812276400306,1.2000000000000002,0.8119683030324247,3683.8070895809306,0.0198706999944988,0.5545028999913484,20,0
balloons,32,1024,4,2536.099205591952,1.876148200011812,1029,1024,True,1.493709743108777,1.2000000000000002,0.8644153605953564,3460.29782391388,0.0182276999985333,0.5485001000051852,20,0
balloons,32,4096,0,2279.946643224901,4.006060299987439,4102,4096,True,0.0939382261175902,0.5,0.751505808940722,3421.3665974625146,0.1007867000007536,0.568391500011785,20,0
balloons,32,4096,1,2346.7477050558027,4.069318599998951,4102,4096,True,0.0824418673946716,0.5,0.6595349391573729,3898.469542483661,0.1120246999780647,0.573318200011272,20,0
balloons,32,4096,2,2500.7139983941147,3.91565169999376,4102,4096,True,0.0781934966916558,0.5,0.6255479735332471,4110.279277201076,0.0963441000203602,0.5376011999906041,20,0
balloons,32,4096,3,2381.938280881216,3.915688900015084,4102,4096,True,0.0872459119731392,0.5,0.6979672957851139,3683.8070895809306,0.0948230999929364,0.5313671999901999,20,0
balloons,32,4096,4,2420.2650712946256,4.173443600011524,4102,4096,True,0.092881342999568,0.5,0.7430507439965447,3460.29782391388,0.0968864999886136,0.5623326000059023,20,0
balloons,64,64,0,2441.7271972318345,2.95665690000169,65,64,True,1490.7917195202097,11.5,0.9802197547597334,1801.6511034217608,0.0028838999860454,1.1040104000130668,20,0
balloons,64,64,1,3105.975209534793,2.838927300006617,65,64,True,1389.938388703217,11.2,0.9893306907565488,1932.378131487889,0.0025333999947179,1.08645269999397,20,0
balloons,64,64,2,2879.0835063437144,2.9887730999907944,65,64,True,1359.7851613153878,11.1,0.9942631903747337,1975.2286043829292,0.0025942999927792,1.0856441000069026,20,0
balloons,64,64,3,2750.086828143021,2.7758858999877702,65,64,True,1253.2668233197876,10.8,0.994883610952176,2143.10831218762,0.0026072000036947,1.105971299984958,20,0
balloons,64,64,4,2880.7923875432534,3.012684800021816,65,64,True,1583.3064139098865,11.7,0.9885699066565304,1696.3782391387929,0.0026915999769698,1.0805029000039212,20,0
balloons,64,128,0,2022.434352051553,2.9217879000061657,131,128,True,359.6781544345471,7.2,0.963643889410116,1801.6511034217608,0.0053705000027548,1.0706154000072274,20,0
balloons,64,128,1,1814.8870380913963,2.8580783999932464,131,128,True,335.34562063934504,7.0,0.9776840251875948,1932.378131487889,0.005950999999186,1.0758076999918558,20,0
balloons,64,128,2,1721.3821743368871,2.718054699973436,131,128,True,328.0706559108113,6.9,0.9986656557683692,1975.2286043829292,0.0049053000111598,1.0634480000007898,20,0
balloons,64,128,3,1843.1120633169817,2.7269304000074044,131,128,True,302.3713454558116,6.800000000000001,0.9616430435064228,2143.10831218762,0.0060193999961484,1.049812999990536,20,0
balloons,64,128,4,1812.476251614469,2.913430799992057,131,128,True,381.9988543019063,7.300000000000001,0.9819592827611806,1696.3782391387929,0.0060875999915879,1.1340780000027737,20,0
balloons,64,256,0,1573.612032785071,2.930571400007466,260,256,True,102.00303324586146,4.7,0.9824704857869784,1801.6511034217608,0.0096613999921828,1.0760975000157489,20,0
balloons,64,256,1,1472.680487272022,2.8924218000029214,260,256,True,95.10244108293182,4.6000000000000005,0.9770531055614756,1932.378131487889,0.0074162000091746,1.0752852000005078,20,0
balloons,64,256,2,1489.1474735777017,2.900489799998468,260,256,True,93.03929529573853,4.6000000000000005,0.9558569829840808,1975.2286043829292,0.0122946000192314,1.0794634999765549,20,0
balloons,64,256,3,1599.9356067929066,3.3262434999924158,260,256,True,85.75109169922544,4.5,0.9410270694016508,2143.10831218762,0.0140634000126738,1.2846707999997309,20,0
donuts,2,64,0,101742206.23286933,0.5469630999723449,65,64,True,0.21788370013201697,0.5,0.8715348005280679,277597039.2744361,0.0006545000069309026,0.06517680000979453,20,0
donuts,2,64,1,99745001.1542523,0.5183895000081975,65,64,True,0.33871070239831025,0.6000000000000001,0.9408630622175282,178570885.52129763,0.0005775000026915222,0.06435030000284314,20,0
donuts,2,64,2,100269288.20012048,0.495166100008646,65,64,True,0.43573872607888414,0.7000000000000001,0.8892627062834368,138807653.4006694,0.0005685999931301922,0.06534110000939108,20,0
donuts,2,64,3,99554820.86032256,0.4761927999788895,65,64,True,0.2536010839289717,0.6000000000000001,0.7044474553582545,238500045.52719986,0.0006851000071037561,0.06565669999690726,20,0
donuts,2,64,4,99703405.54622604,0.5036525999894366,65,64,True,0.28939090587158456,0.6000000000000001,0.803863627421068,209004045.51636577,0.0004582999972626567,0.06770210000104271,20,0
donuts,2,128,0,99349745.00368565,0.5802248999825679,128,128,False,0.030033406293578105,0.2,0.7508351573394525,277597039.2744361,0.000594000011915341,0.06926960000419058,20,0
donuts,2,128,1,99293460.38796583,0.6020662000228185,128,128,False,0.046688376115092654,0.30000000000000004,0.5187597346121404,178570885.52129763,0.0005193000251892954,0.08336959997541271,20,0
donuts,2,128,2,99353415.2238306,0.6522685999807436,128,128,False,0.06006286009574809,0.30000000000000004,0.6673651121749786,138807653.4006694,0.0011721000191755593,0.07746669999323785,20,0
donuts,2,128,3,99328279.0472901,0.6605394000071101,128,128,False,0.03495674245258237,0.2,0.8739185613145591,238500045.52719986,0.0006204000092111528,0.06718529999488965,20,0
donuts,2,128,4,99535527.64292829,0.6006695999822114,128,128,False,0.039890063590997164,0.2,0.9972515897749289,209004045.51636577,0.0006884000031277537,0.06876900000497699,20,0
donuts,2,256,0,99437429.43705478,0.6898997999960557,257,256,True,0.012960127268163129,0.2,0.32400318170407816,277597039.2744361,0.0011032000184059143,0.07181139997555874,20,0
donuts,2,256,1,99313690.16441849,0.6810724000097252,257,256,True,0.0201471418353519,0.2,0.5036785458837973,178570885.52129763,0.0008473999914713204,0.06864519999362528,20,0
donuts,2,256,2,99290845.30916694,0.6974384000059217,257,256,True,0.025918548942522653,0.2,0.6479637235630662,138807653.4006694,0.0009500000160187483,0.06659329999820329,20,0
donuts,2,256,3,99326399.34168017,0.6856414999929257,257,256,True,0.015084663612157132,0.2,0.37711659030392825,238500045.52719986,0.0006179999909363687,0.06729440001072362,20,0
donuts,2,256,4,99382769.02976531,0.7313889999932144,257,256,True,0.01721350871163046,0.2,0.43033771779076135,209004045.51636577,0.000614399992628023,0.06714320002356544,20,0
donuts,2,512,0,99286654.36743265,0.9380399999790825,514,512,True,0.0012210554147567346,0.1,0.12210554147567343,277597039.2744361,0.0016442000051029027,0.06962170000770129,20,0
donuts,2,512,1,99288185.27366371,0.8671201000106521,514,512,True,0.0018981894329356465,0.1,0.1898189432935646,178570885.52129763,0.0033457999816164374,0.07891430001473054,20,0
donuts,2,512,2,99278007.19477536,0.8134457000123803,514,512,True,0.002441950134752826,0.1,0.24419501347528255,138807653.4006694,0.0010417999874334782,0.07055179998860694,20,0
donuts,2,512,3,99287288.49471849,0.8217817999830004,514,512,True,0.0014212213971583126,0.1,0.14212213971583124,238500045.52719986,0.002261100016767159,0.08353049997822382,20,0
donuts,2,512,4,99434201.47844455,0.813989100017352,514,512,True,0.0016217933346172777,0.1,0.16217933346172775,209004045.51636577,0.0012428999762050807,0.07424770001671277,20,0
donuts,2,1024,0,99273768.84185097,1.1033625999989454,1025,1024,True,0.0007293932943937653,0.1,0.07293932943937652,277597039.2744361,0.0007888000109232962,0.06781619999674149,20,0
donuts,2,1024,1,99270023.81868893,1.0725823999964632,1025,1024,True,0.0011338769945573662,0.1,0.1133876994557366,178570885.52129763,0.0013948999985586852,0.07064779999200255,20,0
donuts,2,1024,2,99271974.06160548,1.08146499999566,1025,1024,True,0.0014586905983194152,0.1,0.14586905983194148,138807653.4006694,0.002667199994903058,0.07225820000167005,20,0
donuts,2,1024,3,99276293.28559351,1.1138286000059452,1025,1024,True,0.0008489617624297048,0.1,0.08489617624297047,238500045.52719986,0.0013090000138618052,0.06642940000165254,20,0
donuts,2,1024,4,99275642.0726853,1.1345316999941133,1025,1024,True,0.000968772726336925,0.1,0.09687727263369247,209004045.51636577,0.0018589999817777425,0.06554670000332408,20,0
donuts,2,4096,0,99270926.48383732,5.19853319998947,4098,4096,True,3.997470139498343e-05,0.1,0.003997470139498342,277597039.2744361,0.005237400007899851,0.07131249998928979,20,0
donuts,2,4096,1,99270262.88204241,5.289710700017167,4098,4096,True,6.214259799816907e-05,0.1,0.006214259799816905,178570885.52129763,0.004347899986896664,0.08516640000743791,20,0
donuts,2,4096,2,99269761.47519416,5.235051399999065,4098,4096,True,7.994414199263132e-05,0.1,0.00799441419926313,138807653.4006694,0.005549399997107685,0.06764470000052825,20,0
donuts,2,4096,3,99269746.21710569,5.106710700027179,4098,4096,True,4.652770077505718e-05,0.1,0.004652770077505718,238500045.52719986,0.005254500021692365,0.06782409999868833,20,0
donuts,2,4096,4,99271623.05955651,5.448480999999447,4098,4096,True,5.3093990241725466e-05,0.1,0.005309399024172545,209004045.51636577,0.005072900006780401,0.07064330001594499,20,0
donuts,4,64,0,44842307.9536168,0.6191369000007398,65,64,True,1.5494223344247922,1.3,0.9168179493637822,78072800.06101243,0.0006341999978758395,0.10958459999528714,20,0
donuts,4,64,1,49194676.668121986,0.6208027999964543,65,64,True,1.7955399712443738,1.4000000000000001,0.9160918220634559,67371232.08779304,0.0005981000140309334,0.12238649997743778,20,0
donuts,4,64,2,58351834.81197499,0.6047981999872718,65,64,True,1.128903482745638,1.1,0.9329780849137502,107155077.4486096,0.0008030000026337802,0.11219730001175776,20,0
donuts,4,64,3,48521605.49694651,0.6299106999940705,65,64,True,1.719441578275406,1.4000000000000001,0.8772661113650029,70352922.51507851,0.0008233000116888434,0.11279549999744631,20,0
donuts,4,64,4,46318606.31622976,0.6307735000154935,65,64,True,1.681239756727592,1.3,0.9948164240991668,71951510.56924126,0.000685199978761375,0.11631190002663061,20,0
donuts,4,128,0,44341946.25726561,0.7009222000197042,128,128,False,0.21357462931797352,0.5,0.8542985172718941,78072800.06101243,0.0025584999821148813,0.11152200002106838,20,0
donuts,4,128,1,49030221.02480763,0.7179922000213992,128,128,False,0.24749984253098165,0.5,0.9899993701239266,67371232.08779304,0.0008932000200729817,0.11596639998606406,20,0
donuts,4,128,2,44207718.34682902,0.811124200001359,128,128,False,0.15560969885765644,0.4,0.9725606178603525,107155077.4486096,0.003461200016317889,0.1365446999843698,20,0
donuts,4,128,3,47970251.31901569,0.7201414999726694,128,128,False,0.2370103293047027,0.5,0.9480413172188108,70352922.51507851,0.0008023999980650842,0.11303290000068955,20,0
donuts,4,128,4,48589533.53434761,0.697496200009482,128,128,False,0.23174453463073177,0.5,0.9269781385229271,71951510.56924126,0.000990900007309392,0.10721029998967424,20,0
donuts,4,256,0,48956706.86455067,0.8187334000249393,257,256,True,0.09216251896820508,0.4,0.5760157435512817,78072800.06101243,0.0008716000011190772,0.12395700000342913,20,0
donuts,4,256,1,43999037.371995814,0.9310605000064243,257,256,True,0.10680205324354859,0.4,0.6675128327721785,67371232.08779304,0.002925999986473471,0.12238009998691268,20,0
donuts,4,256,2,44324403.486136,0.8402141999977175,257,256,True,0.0671492764304591,0.30000000000000004,0.7461030714495455,107155077.4486096,0.0068842999753542244,0.1330661000101827,20,0
donuts,4,256,3,48599938.01933119,0.8453060000028927,257,256,True,0.10227557945416949,0.4,0.6392223715885592,70352922.51507851,0.0018006999744102359,0.11898670002119616,20,0
donuts,4,256,4,44142270.19034221,0.7996821999840904,257,256,True,0.10000326413716622,0.4,0.6250204008572887,71951510.56924126,0.0013244000147096813,0.11938789999112487,20,0
donuts,4,512,0,48972037.80712049,0.9080690999981016,514,512,True,0.00868321278759302,0.1,0.8683212787593018,78072800.06101243,0.0016373000107705593,0.11518289998639375,20,0
donuts,4,512,1,43975059.05239095,0.9151407000026666,514,512,True,0.010062495739569662,0.2,0.2515623934892415,67371232.08779304,0.003431999997701496,0.11740370001643896,20,0
donuts,4,512,2,48494915.746654674,0.9198737999831792,514,512,True,0.006326557284960207,0.1,0.6326557284960206,107155077.4486096,0.001281900011235848,0.11165179999079555,20,0
donuts,4,512,3,44023723.81804067,0.9787670999940019,514,512,True,0.009636028065609916,0.1,0.9636028065609915,70352922.51507851,0.002012800017837435,0.11023209997802041,20,0
donuts,4,512,4,48928026.81055267,1.0045120000140741,514,512,True,0.00942193889314651,0.1,0.9421938893146508,71951510.56924126,0.0016605999844614416,0.1233842000074219,20,0
donuts,4,1024,0,55812533.86676776,1.2096466000075452,1025,1024,True,0.005186887592915948,0.1,0.5186887592915947,78072800.06101243,0.003483499982394278,0.1155408000049647,20,0
donuts,4,1024,1,48435107.574510515,1.2040132000111043,1025,1024,True,0.006010797567913954,0.1,0.6010797567913952,67371232.08779304,0.004037599981529638,0.11091710001346655,20,0
donuts,4,1024,2,43948024.59099744,1.1869690000021365,1025,1024,True,0.0037791474526709646,0.1,0.3779147452670964,107155077.4486096,0.002815799991367385,0.11359659998561256,20,0
donuts,4,1024,3,48958573.19782626,1.2315004999982193,1025,1024,True,0.005756048554967709,0.1,0.5756048554967708,70352922.51507851,0.0019494000007398427,0.11572820000583306,20,0
donuts,4,1024,4,43953750.40159795,1.199447399994824,1025,1024,True,0.005628163116755857,0.1,0.5628163116755855,71951510.56924126,0.003428900003200397,0.1117787999974098,20,0
donuts,4,4096,0,43944910.36896573,5.359282599994913,4098,4096,True,0.0002842695213814563,0.1,0.028426952138145625,78072800.06101243,0.012561400013510138,0.11384999999427237,20,0
donuts,4,4096,1,43944606.07765091,5.319877100002486,4098,4096,True,0.00032942424857738956,0.1,0.03294242485773895,67371232.08779304,0.012882100010756403,0.12010239998926409,20,0
donuts,4,4096,2,55756978.217260376,5.4842020999931265,4098,4096,True,0.00020711774033197822,0.1,0.020711774033197818,107155077.4486096,0.012260899995453656,0.12431389998528175,20,0
donuts,4,4096,3,48466371.28104006,5.416143099981127,4098,4096,True,0.0003154626234823071,0.1,0.0315462623482307,70352922.51507851,0.012303600000450388,0.12815639999462292,20,0
donuts,4,4096,4,48942968.122852184,5.477312800008804,4098,4096,True,0.00030845380910935025,0.1,0.03084538091093502,71951510.56924126,0.00547599999117665,0.12020350000238977,20,0
donuts,8,64,0,18446580.961441755,0.8860204000084195,65,64,True,7.703983561830897,2.8000000000000003,0.9826509645192469,31403945.544469792,0.0017649999936111271,0.1998967999825254,20,0
donuts,8,64,1,21778383.942626644,0.9568450000078883,65,64,True,6.649189882041084,2.6,0.9836079707161367,36385707.81452275,0.0013049999834038317,0.216257600026438,20,0
donuts,8,64,2,16838428.510137692,0.8447600000072271,65,64,True,10.338610740060476,3.3000000000000003,0.9493673774160215,23401159.627160184,0.0012547000078484416,0.19627939999918453,20,0
donuts,8,64,3,19363107.656653013,0.7541272999951616,65,64,True,6.411167261618722,2.6,0.9483975239080948,37736572.82342418,0.0009972999978344887,0.20316010000533424,20,0
donuts,8,64,4,20077714.657875624,0.8976665000081994,65,64,True,10.27966089400864,3.3000000000000003,0.9439541684121797,23535356.15092485,0.0014118000108283013,0.20265049999579787,20,0
donuts,8,128,0,18670313.09372496,0.9982560999924317,128,128,False,1.0619283051064476,1.1,0.8776266984350806,31403945.544469792,0.0019265000009909272,0.19445820001419634,20,0
donuts,8,128,1,18873208.8528878,0.9357828000211157,128,128,False,0.916534009333835,1.0,0.916534009333835,36385707.81452275,0.0013571000017691404,0.19071210001129657,20,0
donuts,8,128,2,16469786.160383953,0.9280698999937158,128,128,False,1.4250891492996058,1.2000000000000002,0.9896452425691704,23401159.627160184,0.0023963999992702156,0.2041062000207603,20,0
donuts,8,128,3,16068718.602945749,0.9467214999895077,128,128,False,0.8837246249609997,1.0,0.8837246249609997,37736572.82342418,0.006480399984866381,0.2593520000227727,20,0
donuts,8,128,4,16847722.145475876,0.916717600019183,128,128,False,1.4169634167351874,1.2000000000000002,0.9840023727327688,23535356.15092485,0.001198800018755719,0.18151130000478588,20,0
donuts,8,256,0,18240674.220400393,0.9277824000164401,257,256,True,0.458247254717396,0.7000000000000001,0.9351984790150938,31403945.544469792,0.0021108999790158123,0.19975020000129007,20,0
donuts,8,256,1,18437542.974873133,0.9582669000083115,257,256,True,0.39550616704793207,0.7000000000000001,0.8071554429549632,36385707.81452275,0.0023089000023901463,0.19740500001353212,20,0
donuts,8,256,2,18746512.63148893,0.9859449999930803,257,256,True,0.6149597738885325,0.8,0.9608746467008319,23401159.627160184,0.0015499000146519393,0.1929243999766186,20,0
donuts,8,256,3,16220336.88441406,1.03907200001413,257,256,True,0.38134813938681555,0.7000000000000001,0.7782615089526846,37736572.82342418,0.0015118999872356653,0.20387090000440367,20,0
donuts,8,256,4,16111636.709349323,0.99940869997954,257,256,True,0.6114533275283527,0.8,0.9553958242630509,23535356.15092485,0.0027436999953351915,0.1888199000095483,20,0
donuts,8,512,0,18132238.950714216,1.1235956999880727,514,512,True,0.043174367048433374,0.30000000000000004,0.47971518942703734,31403945.544469792,0.002615800010971725,0.2020658999972511,20,0
donuts,8,512,1,18280622.356818393,1.0511438999965321,514,512,True,0.03726313305810666,0.2,0.9315783264526664,36385707.81452275,0.0022154999896883965,0.2140942999976687,20,0
donuts,8,512,2,15938174.57230607,1.0654406000103336,514,512,True,0.05793924289684824,0.30000000000000004,0.6437693655205359,23401159.627160184,0.004045499983476475,0.18363069999031723,20,0
donuts,8,512,3,15941419.760084767,1.1516247000254225,514,512,True,0.03592921588428773,0.2,0.898230397107193,37736572.82342418,0.003427900024689734,0.19740909998654388,20,0
donuts,8,512,4,18111350.58190455,1.0970654000120703,514,512,True,0.05760887844701994,0.30000000000000004,0.6400986494113324,23535356.15092485,0.00413659997866489,0.20113100000889972,20,0
donuts,8,1024,0,15928851.15813492,1.4710849999974016,1025,1024,True,0.025790061150579538,0.2,0.6447515287644883,31403945.544469792,0.005046800011768937,0.20422069999040104,20,0
donuts,8,1024,1,18327254.151138965,1.3865951000188943,1025,1024,True,0.022259005653810143,0.2,0.5564751413452534,36385707.81452275,0.004943799984175712,0.19315599999390543,20,0
donuts,8,1024,2,15915832.116231225,1.3820085000188556,1025,1024,True,0.03460980946522569,0.2,0.8652452366306421,23401159.627160184,0.007877900003222749,0.19790699999430217,20,0
donuts,8,1024,3,15933648.54066232,1.3800333999970462,1025,1024,True,0.02146219477192723,0.2,0.5365548692981806,37736572.82342418,0.0058410999772604555,0.20043090000399388,20,0
donuts,8,1024,4,15897480.772956617,1.4477632000052836,1025,1024,True,0.03441246738598937,0.2,0.8603116846497341,23535356.15092485,0.0052186000102665275,0.19803479997790419,20,0
donuts,8,4096,0,15906939.181008123,5.656749799993122,4098,4096,True,0.001413434975858467,0.1,0.1413434975858467,31403945.544469792,0.022512399998959154,0.20515969998086803,20,0
donuts,8,4096,1,18317167.449970275,5.556448799994541,4098,4096,True,0.0012199140178548835,0.1,0.12199140178548833,36385707.81452275,0.019075400021392852,0.19352089997846633,20,0
donuts,8,4096,2,16043543.987132795,5.7047106999962125,4098,4096,True,0.0018968049327346454,0.1,0.1896804932734645,23401159.627160184,0.022044299985282123,0.2062588999979198,20,0
donuts,8,4096,3,15896967.9606843,6.5649150000244845,4098,4096,True,0.001176244467673432,0.1,0.11762444676734318,37736572.82342418,0.02137380000203848,0.22235600001295097,20,0
donuts,8,4096,4,15919098.863137249,6.779356099985307,4098,4096,True,0.0018859895184022534,0.1,0.18859895184022532,23535356.15092485,0.015268299990566447,0.21661610002047382,20,0
donuts,16,64,0,10108794.06376122,2.4706046999781393,65,64,True,24.19951973210462,5.0,0.9679807892841847,19995064.60702697,0.006525300006614998,0.8292184000019915,20,0
donuts,16,64,1,8832995.670043034,2.715558500000043,65,64,True,46.168095659617286,6.800000000000001,0.9984449753377439,10480635.02705164,0.006425100000342354,0.8203664000029676,20,0
donuts,16,64,2,9235206.952791728,2.7138519999862183,65,64,True,42.198598726435044,6.5,0.9987834018091135,11466517.25663435,0.01204549998510629,0.8592348000092898,20,0
donuts,16,64,3,9798726.373097498,2.765790700010257,65,64,True,40.087649625543065,6.4,0.9787023834361098,12070325.025843937,0.008059000014327466,0.7909280000021681,20,0
donuts,16,64,4,9724880.009282352,2.814919299999019,65,64,True,44.925099207787525,6.800000000000001,0.971563564182256,10770615.291564662,0.008843199990224093,0.8288793000101577,20,0
donuts,16,128,0,8023052.008386014,2.8158774000185076,128,128,False,3.3356970153498846,1.9000000000000001,0.9240157937257297,19995064.60702697,0.011759000015445054,0.8169415000011213,20,0
donuts,16,128,1,8227601.309698053,2.906546600017464,128,128,False,6.363877490174464,2.6,0.9414019955879384,10480635.02705164,0.016059800022048876,0.8039549000095576,20,0
donuts,16,128,2,8159592.3645375315,3.003074199979892,128,128,False,5.816716256437658,2.5,0.9306746010300253,11466517.25663435,0.011635900009423494,0.8310349999810569,20,0
donuts,16,128,3,8113652.564450275,2.7801437999878544,128,128,False,5.5257399604883135,2.4000000000000004,0.959329854251443,12070325.025843937,0.011478800006443635,0.897411000012653,20,0
donuts,16,128,4,7944832.937907621,2.8062569000176154,128,128,False,6.192541050428581,2.5,0.9908065680685729,10770615.291564662,0.002980499994009733,0.7511856000055559,20,0
donuts,16,256,0,7804634.941940403,3.2296470000001136,257,256,True,1.439432391530304,1.2000000000000002,0.9996058274515998,19995064.60702697,0.016015100001823157,0.9690731999871787,20,0
donuts,16,256,1,7585177.697089366,3.185196399979759,257,256,True,2.7461641009163587,1.7000000000000002,0.9502297927046222,10480635.02705164,0.014555600006133318,0.8949807999888435,20,0
donuts,16,256,2,7832179.208289933,3.298048699973151,257,256,True,2.5100510487997743,1.6,0.9804886909374116,11466517.25663435,0.03357480000704527,0.9393975999846589,20,0
donuts,16,256,3,7640471.046315909,3.2613001999852713,257,256,True,2.3844878745577445,1.6,0.9314405759991188,12070325.025843937,0.02292779998970218,0.8437740000081249,20,0
donuts,16,256,4,8167738.0666884165,3.161645000014687,257,256,True,2.6722283627228722,1.7000000000000002,0.9246464922916511,10770615.291564662,0.012024099996779114,0.9060404000047129,20,0
donuts,16,512,0,7207066.8951289235,3.440010100021027,514,512,True,0.13561801358015727,0.4,0.8476125848759828,19995064.60702697,0.01768320001428947,0.8593938999983948,20,0
donuts,16,512,1,7378791.579499865,3.4838122999935877,514,512,True,0.2587334580788989,0.6000000000000001,0.7187040502191635,10480635.02705164,0.03071200000704266,0.8310094000189565,20,0
donuts,16,512,2,7645053.447620448,3.447335300006671,514,512,True,0.23648775671993713,0.5,0.9459510268797485,11466517.25663435,0.024497900012647733,0.8618067000061274,20,0
donuts,16,512,3,7245555.465526007,3.647797299985541,514,512,True,0.22465765732122928,0.5,0.8986306292849171,12070325.025843937,0.014709700015373528,0.8435330999782309,20,0
donuts,16,512,4,7267557.7640084615,3.4594898000068497,514,512,True,0.2517675053843627,0.6000000000000001,0.6993541816232296,10770615.291564662,0.01787869998952374,0.8955774999922141,20,0
donuts,16,1024,0,7271028.6855448615,4.222554200008744,1025,1024,True,0.08101095864193558,0.30000000000000004,0.9001217626881729,19995064.60702697,0.026993799983756617,0.8025403000065126,20,0
donuts,16,1024,1,7104939.499633898,4.326179399999091,1025,1024,True,0.15455355021349035,0.4,0.9659596888343145,10480635.02705164,0.033187299995915964,0.8507003999839071,20,0
donuts,16,1024,2,7326090.10406768,4.543034300004365,1025,1024,True,0.14126515625182431,0.4,0.8829072265739017,11466517.25663435,0.04490129998885095,0.8153326000028756,20,0
donuts,16,1024,3,7105410.492553731,4.317430000024615,1025,1024,True,0.1341984866566952,0.4,0.8387405416043449,12070325.025843937,0.04572940000798553,0.8733762000047136,20,0
donuts,16,1024,4,7700588.754541602,4.391461099992739,1025,1024,True,0.1503924620900073,0.4,0.9399528880625455,10770615.291564662,0.03964579998864792,0.8244282000232488,20,0
donuts,16,4096,0,7030992.283282632,21.131492600019556,4098,4096,True,0.004439839118790241,0.1,0.443983911879024,19995064.60702697,0.11608020000858232,0.8356707000057213,20,0
donuts,16,4096,1,7014832.023310373,21.341893699980574,4098,4096,True,0.008470371289132682,0.1,0.8470371289132681,10480635.02705164,0.13222279999172315,0.8962988000130281,20,0
donuts,16,4096,2,7020051.226607221,21.707344399997965,4098,4096,True,0.007742095358000075,0.1,0.7742095358000074,11466517.25663435,0.13354460001573898,0.9156801000062842,20,0
donuts,16,4096,3,7465991.089793377,21.747081800014712,4098,4096,True,0.007354803605945944,0.1,0.7354803605945942,12070325.025843937,0.1322453000175301,0.8955002999864519,20,0
donuts,16,4096,4,7513046.485686317,21.271498799993424,4098,4096,True,0.008242321132251684,0.1,0.8242321132251682,10770615.291564662,0.11580059997504577,0.8648104000021704,20,0
donuts,32,64,0,6283350.943188139,4.682876600010786,65,64,True,149.67972773851184,12.3,0.9893563866647619,6465417.43244978,0.008997099997941405,1.6049989000021014,20,0
donuts,32,64,1,5315192.820894177,4.565962900000159,65,64,True,181.9083463090442,13.5,0.9981253569769228,5319942.381097864,0.009937399998307228,1.6225726999982726,20,0
donuts,32,64,2,5175877.697054959,4.610028900002362,65,64,True,162.696310275036,12.8,0.9930194718935301,5948149.15820129,0.013717599998926744,1.6708975000074133,20,0
donuts,32,64,3,6092016.795030967,4.236540299985791,65,64,True,156.8685087382077,12.600000000000001,0.9880858449118648,6169128.072862232,0.013541100022848696,1.4869259000115562,20,0
donuts,32,64,4,5408175.478552987,4.7491575999883935,65,64,True,188.35506062902934,13.8,0.9890519881801582,5137859.942669163,0.01699540001573041,1.6000985000282526,20,0
donuts,32,128,0,4940766.166199406,4.932733099994948,128,128,False,20.632071487491242,4.6000000000000005,0.9750506374050679,6465417.43244978,0.011439699999755248,1.7166888999927323,20,0
donuts,32,128,1,4596363.929132739,4.784978300012881,128,128,False,25.07451117078594,5.1000000000000005,0.9640334936865027,5319942.381097864,0.005274900002405047,1.8181356999848504,20,0
donuts,32,128,2,4758048.025468697,4.09138540001004,128,128,False,22.426296166237087,4.800000000000001,0.9733635488818178,5948149.15820129,0.004839200002606958,0.7076101000129711,20,0
donuts,32,128,3,4495228.546629712,2.0840828999935184,128,128,False,21.622983521703084,4.7,0.9788584663514296,6169128.072862232,0.0049919000011868775,0.7049436999950558,20,0
donuts,32,128,4,4537819.613610168,2.1340791000111494,128,128,False,25.963135654000737,5.1000000000000005,0.9981982181468948,5137859.942669163,0.0033847999875433743,0.7084834999986924,20,0
donuts,32,256,0,4330460.717975278,2.2262540999799967,257,256,True,8.903228280866093,3.0,0.9892475867628993,6465417.43244978,0.005928800004767254,0.7036637999990489,20,0
donuts,32,256,1,4560419.608838623,2.2281641000008676,257,256,True,10.820246387764893,3.3000000000000003,0.9935947096202838,5319942.381097864,0.004269199998816475,0.7199760999938007,20,0
donuts,32,256,2,4566491.415310947,2.1859421000117436,257,256,True,9.677478792343955,3.2,0.9450662883148392,5948149.15820129,0.007986500015249476,0.7044638000079431,20,0
donuts,32,256,3,4410781.5417768,2.223758000007365,257,256,True,9.33083033004444,3.1,0.9709500863729905,6169128.072862232,0.0067069000215269625,0.7038425999926403,20,0
donuts,32,256,4,4172628.5554023352,2.2163444999896456,257,256,True,11.203708932222664,3.4000000000000004,0.9691789733756628,5137859.942669163,0.006798400019761175,0.7345742000034079,20,0
donuts,32,512,0,4052508.5124804988,2.3259487000177614,514,512,True,0.8388293476000456,1.0,0.8388293476000456,6465417.43244978,0.011383699980797246,0.7066565999994054,20,0
donuts,32,512,1,4230588.010149425,2.3262940000277013,514,512,True,1.0194437267015286,1.1,0.8425154766128334,5319942.381097864,0.00982460001250729,0.7164154000056442,20,0
donuts,32,512,2,4270719.803694495,2.309224800002994,514,512,True,0.9117763765802793,1.0,0.9117763765802793,5948149.15820129,0.00892069999827072,0.7158177999954205,20,0
donuts,32,512,3,3968072.673378085,2.3308287000108976,514,512,True,0.8791164363536346,1.0,0.8791164363536346,6169128.072862232,0.007804699998814613,0.7052128999785054,20,0
donuts,32,512,4,4166135.659653861,2.30620039999485,514,512,True,1.0555721540370202,1.1,0.8723736810223306,5137859.942669163,0.008237400004873052,0.7426820000109728,20,0
donuts,32,1024,0,3990873.8036712776,2.579018799995538,1025,1024,True,0.5010718546316455,0.8,0.782924772861946,6465417.43244978,0.024639899987960234,0.7159990000072867,20,0
donuts,32,1024,1,3877210.9140198887,2.588886100013042,1025,1024,True,0.6089612390081611,0.8,0.9515019359502516,5319942.381097864,0.018849399988539517,0.7134144000010565,20,0
donuts,32,1024,2,3817713.725780721,2.591076200013049,1025,1024,True,0.5446465140132841,0.8,0.8510101781457563,5948149.15820129,0.02172920000157319,0.7374149999814108,20,0
donuts,32,1024,3,4027457.357152423,2.6030761000001803,1025,1024,True,0.5251372099237872,0.8,0.8205268905059173,6169128.072862232,0.024964199983514845,0.7390500000037719,20,0
donuts,32,1024,4,4074255.0443052053,2.75041009997949,1025,1024,True,0.6305424320621636,0.8,0.9852225500971306,5137859.942669163,0.017102900019381195,0.7453927999886218,20,0
donuts,32,4096,0,4007777.993508484,6.811853899998823,4098,4096,True,0.02746145038662393,0.2,0.6865362596655981,6465417.43244978,0.07887189998291433,0.7054153000062797,20,0
donuts,32,4096,1,3807973.0337161995,22.86699989999761,4098,4096,True,0.03337437275277266,0.2,0.8343593188193165,5319942.381097864,0.25337259998195805,1.676136599999154,20,0
donuts,32,4096,2,3965161.0989070386,22.994254399993224,4098,4096,True,0.02984957762957711,0.2,0.7462394407394276,5948149.15820129,0.22673110000323504,1.5642817000043578,20,0
donuts,32,4096,3,3972285.4940279517,21.95117919999757,4098,4096,True,0.028780362144055313,0.2,0.7195090536013827,6169128.072862232,0.2118250000057742,1.5998365999839734,20,0
donuts,32,4096,4,3985432.847443624,22.948618000024,4098,4096,True,0.03455713897054859,0.2,0.8639284742637146,5137859.942669163,0.2649148000054993,1.6654972999822348,20,0
donuts,64,64,0,3971493.932304623,8.61639519999153,65,64,True,657.1234887793861,25.700000000000003,0.9949030095525836,2945388.3098974368,0.015694200003053993,3.2006410000030883,20,0
donuts,64,64,1,4214753.0989540275,8.337616200005868,65,64,True,639.8247880809855,25.3,0.9995856646424495,3025021.6591559127,0.012560100003611296,3.056768899987219,20,0
donuts,64,64,2,4358411.511196513,7.985348899994278,65,64,True,637.3095533070309,25.3,0.9956561628943287,3036960.346767911,0.009124300006078556,3.0051542000146583,20,0
donuts,64,64,3,4321890.257883204,8.0284718000039,65,64,True,636.6895027935258,25.3,0.9946874701893886,3039917.9404053846,0.010336700011976063,3.1780533000128344,20,0
donuts,64,64,4,4881603.427859962,3.908600499999011,65,64,True,647.4986876289192,25.5,0.9957688391063733,2989170.2932980256,0.002512200007913634,1.374966500006849,20,0
donuts,64,128,0,2556780.039629206,3.8766675999795552,128,128,False,90.57885794856094,9.600000000000001,0.9828435107265724,2945388.3098974368,0.0069532000052277,1.435426300013205,20,0
donuts,64,128,1,2846431.3871617685,3.7387496999872383,128,128,False,88.19437987098433,9.4,0.9981256209934849,3025021.6591559127,0.005578999989666045,1.556033800006844,20,0
donuts,64,128,2,2717850.9362514513,4.4896643999964,128,128,False,87.84767624953793,9.4,0.9942018588675635,3036960.346767911,0.005447400006232783,1.4173990999988746,20,0
donuts,64,128,3,2877760.2531836843,3.9018009999999776,128,128,False,87.76220758445027,9.4,0.9932345810825063,3039917.9404053846,0.007157199986977503,1.4480471000133548,20,0
donuts,64,128,4,2595301.409872627,3.9128235999960452,128,128,False,89.25216135183652,9.5,0.9889436160868312,2989170.2932980256,0.006430000008549541,1.477984800003469,20,0
donuts,64,256,0,2415612.134767367,4.380642200005241,257,256,True,39.08692591653287,6.300000000000001,0.9848053896833675,2945388.3098974368,0.010332900012144819,1.6144297999853734,20,0
donuts,64,256,1,2552417.7635361413,4.314500300009968,257,256,True,38.05796706146802,6.2,0.9900615780818942,3025021.6591559127,0.008360299980267882,1.4617231000156607,20,0
donuts,64,256,2,2427604.82546019,4.041141900001094,257,256,True,37.90835622431035,6.2,0.9861695167614555,3036960.346767911,0.010515500005567446,1.439099899987923,20,0
donuts,64,256,3,2436057.9252760774,4.098251999996137,257,256,True,37.871474467837295,6.2,0.9852100537938941,3039917.9404053846,0.008690500020748004,1.482729199982714,20,0
donuts,64,256,4,2376810.4069462214,4.261182399990503,257,256,True,38.51442486314874,6.300000000000001,0.9703810749092651,2989170.2932980256,0.009234600001946092,1.5203800000017509,20,0
donuts,64,512,0,2365627.4470258127,4.320152300002519,514,512,True,3.682626069098958,2.0,0.9206565172747395,2945388.3098974368,0.014148699992801994,1.4179251000168733,20,0
donuts,64,512,1,2254684.907220292,4.093823700008215,514,512,True,3.585681358947443,1.9000000000000001,0.9932635343344717,3025021.6591559127,0.017357600008836016,1.445232500002021,20,0
donuts,64,512,2,2316630.426528632,4.274165000009816,514,512,True,3.571585577398567,1.9000000000000001,0.9893588857059742,3036960.346767911,0.017686899984255433,1.3922836999990977,20,0
donuts,64,512,3,2322980.085812247,4.077548500004923,514,512,True,3.5681107142652553,1.9000000000000001,0.9883963197410679,3039917.9404053846,0.013880099984817207,1.43495160000748,20,0
donuts,64,512,4,2320248.689103373,4.1633927000220865,514,512,True,3.628687130327432,2.0,0.907171782581858,2989170.2932980256,0.014074599981540814,1.386543000000529,20,0
donuts,64,1024,0,2144380.739736342,4.271632799995132,1025,1024,True,2.199804143283364,1.5,0.9776907303481619,2945388.3098974368,0.042733000009320676,1.4524709999968763,20,0
donuts,64,1024,1,2170805.368330927,4.397921399999177,1025,1024,True,2.141894550764543,1.5,0.9519531336731303,3025021.6591559127,0.03265730000566691,1.4021394999872427,20,0
donuts,64,1024,2,2103340.2354038814,4.355221000005258,1025,1024,True,2.133474483651505,1.5,0.9482108816228911,3036960.346767911,0.0350818999868352,1.3905986000027042,20,0
donuts,64,1024,3,2171642.150917853,4.359091599995736,1025,1024,True,2.131398785990496,1.5,0.9472883493291094,3039917.9404053846,0.03294370000367053,1.4295894000097178,20,0
donuts,64,1024,4,2137253.870512425,4.354357800009893,1025,1024,True,2.167583901866634,1.5,0.9633706230518373,2989170.2932980256,0.046671199990669265,1.461749600013718,20,0
donuts,64,4096,0,2068756.0378743557,8.480888499994762,4098,4096,True,0.12056117657112293,0.4,0.7535073535695181,2945388.3098974368,0.1618282999843359,1.4470389000198338,20,0
donuts,64,4096,1,2074877.0031149324,8.392235300008906,4098,4096,True,0.11738741738436062,0.4,0.7336713586522537,3025021.6591559127,0.16149860000587068,1.445378600008553,20,0
donuts,64,4096,2,2143171.9511349835,8.610158099996625,4098,4096,True,0.11692595212116658,0.4,0.730787200757291,3036960.346767911,0.16630320000695065,1.4194182999781333,20,0
donuts,64,4096,3,2108047.594853211,8.651242799998727,4098,4096,True,0.11681219265172413,0.4,0.7300762040732757,3039917.9404053846,0.16813179999007843,1.5269070999929681,20,0
donuts,64,4096,4,2063274.4281288409,8.554471499985084,4098,4096,True,0.11879533290432784,0.4,0.7424708306520489,2989170.2932980256,0.1541614000161644,1.391274199995678,20,0
spotify,2,64,0,30907921572456.367,10.202444199996535,64,64,False,0.009155460417271015,0.7000000000000001,0.32411549152297614,44157618459354.64,0.000548899988643825,0.016088300006231293,20,0
spotify,2,64,1,30865752266409.87,10.085727800003951,64,64,False,0.010992949507022039,0.7000000000000001,0.38916505236966903,36776601918104.93,0.0004188000166323036,0.01680419998592697,20,0
spotify,2,64,2,30904048407629.66,10.07670559998951,64,64,False,0.007602297040008252,0.7000000000000001,0.2691314395481158,53179101763318.95,0.000599299994064495,0.016413900011684746,20,0
spotify,2,64,3,30866603080421.203,10.438385899993591,64,64,False,0.007566947623319642,0.7000000000000001,0.26788002312088005,53427530894976.266,0.0005610999942291528,0.014576800022041425,20,0
spotify,2,64,4,30866488225202.59,10.457906099996762,64,64,False,0.006856248178445484,0.7000000000000001,0.2427203163008975,58965678809083.07,0.0011938000097870827,0.021436999988509342,20,0
spotify,2,128,0,30875876555158.156,14.632076700014295,128,128,False,0.001144432552158877,0.6000000000000001,0.1892682203284817,44157618459354.64,0.0008576999825891107,0.0162797000084538,20,0
spotify,2,128,1,30876771378264.6,14.184425399987958,128,128,False,0.0013741186883777549,0.6000000000000001,0.22725410787970995,36776601918104.93,0.0004524000105448067,0.015890499984379858,20,0
