x0,x1,x2,weight,source_index
0.5764705882352941,0.49411764705882355,0.5137254901960784,812.0015487700439,927485
0.7490196078431373,0.7450980392156863,0.7764705882352941,1104.002105716907,990604
0.5137254901960784,0.5098039215686274,0.21176470588235294,18.000034332340874,883584
0.7764705882352941,0.5254901960784314,0.23921568627450981,39.00007438673856,834205
0.5098039215686274,0.24313725490196078,0.043137254901960784,81.00015449553393,796437
0.7529411764705882,0.4980392156862745,0.23137254901960785,7.0000133514658955,820889
0.11372549019607843,0.21568627450980393,0.12156862745098039,138.00026321461337,38905
0.1843137254901961,0.11764705882352941,0.17647058823529413,798.0015220671121,818562
0.24705882352941178,0.3764705882352941,0.11764705882352941,4.000007629409083,451564
0.10196078431372549,0.25098039215686274,0.23921568627450981,17.000032424988603,110006
0.24705882352941178,0.3764705882352941,0.2196078431372549,126.00024032638612,216726
0.4549019607843137,0.25882352941176473,0.12156862745098039,44.000083923499915,830062
0.2627450980392157,0.3764705882352941,0.11764705882352941,343.0006542218289,484344
0.396078431372549,0.3803921568627451,0.12156862745098039,4.000007629409083,898985
0.6235294117647059,0.5843137254901961,0.37254901960784315,472.0009002702718,172200
0.611764705882353,0.6274509803921569,0.3686274509803922,1.0000019073522708,907195
0.6352941176470588,0.6313725490196078,0.3568627450980392,8.000015258818166,880503
0.615686274509804,0.6274509803921569,0.48627450980392156,387.0007381453288,229636
0.6862745098039216,0.6470588235294118,0.49411764705882355,338.0006446850675,611053
0.8745098039215686,0.8705882352941177,0.803921568627451,162.00030899106787,223589
0.8431372549019608,0.8784313725490196,0.8156862745098039,281.0005359659881,209243
0.8862745098039215,0.8862745098039215,0.8509803921568627,159.00030326901106,106872
0.8745098039215686,0.8705882352941177,0.8784313725490196,2.0000038147045416,818775
0.6235294117647059,0.3686274509803922,0.2549019607843137,4.000007629409083,972805
0.5098039215686274,0.35294117647058826,0.3764705882352941,322.0006141674312,1028409
0.24705882352941178,0.5058823529411764,0.6431372549019608,2.0000038147045416,925669
0.49411764705882355,0.6784313725490196,0.7764705882352941,13.00002479557952,910266
0.49019607843137253,0.5019607843137255,0.23529411764705882,1.0000019073522708,906169
0.24313725490196078,0.4392156862745098,0.5764705882352941,182.00034713811328,924644
0.1843137254901961,0.3215686274509804,0.16862745098039217,2385.004549035166,140249
0.1843137254901961,0.29411764705882354,0.18823529411764706,3305.006303799255,56884
0.1803921568627451,0.3254901960784314,0.18823529411764706,242.00046157924953,103253
0.25098039215686274,0.12156862745098039,0.011764705882352941,141.00026893667018,755437
0.27450980392156865,0.12156862745098039,0.12549019607843137,25.00004768380677,1002650
0.5882352941176471,0.7490196078431373,0.8196078431372549,8.000015258818166,878439
0.7450980392156863,0.8,0.8745098039215686,16.000030517636333,853533
0.7411764705882353,0.8823529411764706,0.8862745098039215,2.0000038147045416,841088
0.5725490196078431,0.611764705882353,0.7490196078431373,2.0000038147045416,902986
0.596078431372549,0.6901960784313725,0.7607843137254902,270.0005149851131,865668
0.18823529411764706,0.1843137254901961,0.2,406.00077438502194,421218
0.17254901960784313,0.19607843137254902,0.2196078431372549,2884.005500803949,594520
0.27058823529411763,0.3058823529411765,0.1843137254901961,129.00024604844293,688871
0.34509803921568627,0.27058823529411763,0.16862745098039217,325.000619889488,727698
0.3568627450980392,0.36470588235294116,0.12549019607843137,156.00029754695424,879480
0.25098039215686274,0.3058823529411765,0.21176470588235294,2522.004810342427,545508
0.36470588235294116,0.3215686274509804,0.21568627450980393,1520.0028991754516,15364
0.30980392156862746,0.4470588235294118,0.1843137254901961,110.00020980874979,429912
0.3176470588235294,0.44313725490196076,0.1843137254901961,946.0018043552482,447304
0.30196078431372547,0.4392156862745098,0.19607843137254902,91.00017356905664,400202
0.37254901960784315,0.4392156862745098,0.23529411764705882,1266.0024147079748,277607
0.8117647058823529,0.7843137254901961,0.7764705882352941,731.00139427451,892226
0.803921568627451,0.8313725490196079,0.807843137254902,402.00076675561286,540348
0.8196078431372549,0.8117647058823529,0.796078431372549,566.0010795613853,105861
0.8235294117647058,0.807843137254902,0.8156862745098039,156.00029754695424,843983
0.07450980392156863,0.2549019607843137,0.2980392156862745,17.000032424988603,164352
0.23921568627450981,0.3764705882352941,0.29411764705882354,18.000034332340874,222783
0.09411764705882353,0.25098039215686274,0.4117647058823529,6.000011444113625,152862
0.22745098039215686,0.3764705882352941,0.49019607843137253,124.00023651168158,461409
0.36470588235294116,0.5058823529411764,0.5882352941176471,378.00072097915836,468572
0.49411764705882355,0.6313725490196078,0.5607843137254902,6.000011444113625,181789
0.3411764705882353,0.5372549019607843,0.6823529411764706,118.00022506756795,918481
0.49411764705882355,0.6509803921568628,0.7411764705882353,80.00015258818166,178485
0.34509803921568627,0.5058823529411764,0.47058823529411764,12.00002288822725,153073
0.054901960784313725,0.06274509803921569,0.058823529411764705,2.0000038147045416,836006
0.07450980392156863,0.06274509803921569,0.054901960784313725,2063.0039348677346,615874
0.0196078431372549,0.0392156862745098,0.06666666666666667,1421.0027103475768,198037
0.07058823529411765,0.058823529411764705,0.06666666666666667,786.0014991788848,231771
0.058823529411764705,0.06274509803921569,0.08235294117647059,644.0012283348624,158094
0.36470588235294116,0.37254901960784315,0.5019607843137255,37.00007057203402,967380
0.43137254901960786,0.37254901960784315,0.5058823529411764,2.0000038147045416,934757
0.27058823529411763,0.49019607843137253,0.6235294117647059,24.0000457764545,932857
0.4392156862745098,0.49019607843137253,0.6352941176470588,16.000030517636333,970700
0.7019607843137254,0.6392156862745098,0.6352941176470588,2581.004922876211,857274
0.6470588235294118,0.6941176470588235,0.6823529411764706,784.0014953641803,486070
0.7058823529411765,0.6862745098039216,0.6431372549019608,1466.002796178429,319986
0.6901960784313725,0.6784313725490196,0.7333333333333333,2740.005226145222,857215
0.4235294117647059,0.3843137254901961,0.37254901960784315,1270.002422337384,246197
0.4549019607843137,0.396078431372549,0.3137254901960784,1945.0037098001667,514402
0.011764705882352941,0.08235294117647059,0.26666666666666666,75.00014305142031,974810
0.1450980392156863,0.12156862745098039,0.27450980392156865,4.000007629409083,941948
0.11764705882352941,0.2196078431372549,0.3058823529411765,422.0008049026583,455203
0.07450980392156863,0.20392156862745098,0.3764705882352941,20.000038147045416,980974
0.15294117647058825,0.24313725490196078,0.3803921568627451,77.00014686612485,242193
0.6313725490196078,0.5568627450980392,0.41568627450980394,3310.0063133360163,58675
0.7215686274509804,0.5450980392156862,0.3764705882352941,271.0005168924654,861823
0.7372549019607844,0.5686274509803921,0.40784313725490196,80.00015258818166,807522
0.7019607843137254,0.5058823529411764,0.4392156862745098,1547.002950673963,927839
0.6862745098039216,0.611764705882353,0.4980392156862745,2032.0038757398142,38168
0.5215686274509804,0.5058823529411764,0.4823529411764706,1020.0019454993162,318777
0.5843137254901961,0.5137254901960784,0.4745098039215686,1272.0024261520884,884101
0.5490196078431373,0.596078431372549,0.4588235294117647,2293.004373558757,331954
0.6823529411764706,0.7490196078431373,0.7843137254901961,211.00040245132914,879051
0.6823529411764706,0.8117647058823529,0.807843137254902,2.0000038147045416,152046
0.7019607843137254,0.8196078431372549,0.796078431372549,21.000040054397687,836937
0.6666666666666666,0.7725490196078432,0.8352941176470589,72.0001373293635,880491
0.6666666666666666,0.8274509803921568,0.8431372549019608,2.0000038147045416,162300
0.7176470588235294,0.8156862745098039,0.8392156862745098,119.00022697492022,934907
0.2901960784313726,0.17254901960784313,0.16862745098039217,2464.0046997159952,897478
0.3137254901960784,0.17647058823529413,0.13725490196078433,958.0018272434754,942686
0.30196078431372547,0.1607843137254902,0.20392156862745098,135.00025749255656,914588
0.32941176470588235,0.1843137254901961,0.19607843137254902,70.00013351465896,961721
0.7490196078431373,0.5882352941176471,0.5411764705882353,561.0010700246239,999495
0.8823529411764706,0.7372549019607844,0.6941176470588235,10.000019073522708,1000544
0.6274509803921569,0.6823529411764706,0.7529411764705882,23.000043869102228,950077
0.6941176470588235,0.6470588235294118,0.7529411764705882,1.0000019073522708,901963
0.6823529411764706,0.7411764705882353,0.8235294117647058,27.00005149851131,859470
0.7333333333333333,0.7333333333333333,0.8235294117647058,7.0000133514658955,829713
0.5058823529411764,0.403921568627451,0.2901960784313726,3241.0061817287096,44093
0.596078431372549,0.3843137254901961,0.2823529411764706,811.0015468626916,953478
0.5176470588235295,0.48627450980392156,0.27058823529411763,2966.005657206835,147471
0.6196078431372549,0.45098039215686275,0.29411764705882354,202.0003852851587,795235
0.5490196078431373,0.3803921568627451,0.3686274509803922,2651.00505639087,969980
0.5254901960784314,0.4588235294117647,0.36470588235294116,2141.0040836412118,250169
0.5607843137254902,0.5098039215686274,0.30196078431372547,673.0012836480782,47456
0.5529411764705883,0.5607843137254902,0.3058823529411765,18.000034332340874,210093
0.5803921568627451,0.5764705882352941,0.3058823529411765,24.0000457764545,896929
0.5372549019607843,0.5411764705882353,0.3411764705882353,3292.0062790036754,56707
0.5490196078431373,0.5725490196078431,0.3607843137254902,1087.0020732919184,243912
0.5882352941176471,0.5647058823529412,0.3254901960784314,2602.0049629306086,192701
0.12549019607843137,0.058823529411764705,0.03137254901960784,52.00009918231808,790258
0.2235294117647059,0.054901960784313725,0.058823529411764705,1.0000019073522708,1005684
0.12549019607843137,0.06666666666666667,0.047058823529411764,2858.00545121279,905006
0.2235294117647059,0.11764705882352941,0.047058823529411764,1607.0030651150992,848553
0.1450980392156863,0.043137254901960784,0.06274509803921569,8.000015258818166,878131
0.18823529411764706,0.10980392156862745,0.07450980392156863,1054.0020103492934,734912
0.4235294117647059,0.2823529411764706,0.28627450980392155,2431.0046367733703,972439
0.4823529411764706,0.28627450980392155,0.25882352941176473,1871.0035686560987,970866
0.4235294117647059,0.32941176470588235,0.27058823529411763,3521.0067157873455,551158
0.41568627450980394,0.3058823529411765,0.32941176470588235,476.0009078996809,993875
0.45098039215686275,0.3058823529411765,0.3333333333333333,246.00046920865861,985651
0.3843137254901961,0.36470588235294116,0.3568627450980392,1134.002162937475,313598
0.4980392156862745,0.33725490196078434,0.33725490196078434,1251.0023860976908,921798
0.14901960784313725,0.26666666666666666,0.15294117647058825,7634.014560727235,42917
0.1568627450980392,0.27058823529411763,0.14901960784313725,1951.0037212442803,92119
0.15294117647058825,0.28627450980392155,0.15294117647058825,277.000528336579,99184
0.17254901960784313,0.29411764705882354,0.15294117647058825,1490.0028419548835,160714
0.15294117647058825,0.2784313725490196,0.1607843137254902,12708.024238632657,52051
0.14901960784313725,0.28627450980392155,0.1607843137254902,1662.003170019474,55178
0.050980392156862744,0.13725490196078433,0.1843137254901961,1.0000019073522708,201110
0.09803921568627451,0.1803921568627451,0.13333333333333333,2933.0055942642102,110265
0.050980392156862744,0.17647058823529413,0.2196078431372549,8.000015258818166,124371
0.10588235294117647,0.1450980392156863,0.2,1066.0020332375207,459292
0.058823529411764705,0.19607843137254902,0.23921568627450981,2.0000038147045416,169480
0.09019607843137255,0.20784313725490197,0.24705882352941178,28.000053405863582,108977
0.36470588235294116,0.25098039215686274,0.2784313725490196,1716.0032730164967,935670
0.25098039215686274,0.3137254901960784,0.2980392156862745,282.00053787334036,394700
0.35294117647058826,0.32941176470588235,0.30980392156862746,1538.0029335077925,360775
0.28627450980392155,0.29411764705882354,0.3568627450980392,2035.003881461871,239023
0.3176470588235294,0.25882352941176473,0.32941176470588235,416.00079345854465,938759
0.2627450980392157,0.3333333333333333,0.36470588235294116,2018.0038490368825,614005
0.37254901960784315,0.35294117647058826,0.37254901960784315,2489.004747399802,121157
0.5215686274509804,0.6274509803921569,0.6745098039215687,954.0018196140663,496259
0.5411764705882353,0.6901960784313725,0.6666666666666666,4.000007629409083,834866
0.6196078431372549,0.7176470588235294,0.6705882352941176,57.000108719079435,295549
0.5450980392156862,0.6392156862745098,0.6901960784313725,568.0010833760898,290302
0.5333333333333333,0.7176470588235294,0.7294117647058823,11.000020980874979,837987
0.6,0.7294117647058823,0.7254901960784313,742.0014152553849,112057
0.5450980392156862,0.4117647058823529,0.40784313725490196,1208.0023040815431,998765
0.5372549019607843,0.45098039215686275,0.40784313725490196,1339.0025539446906,796095
0.611764705882353,0.44313725490196076,0.4117647058823529,3560.006790174084,1045905
0.5058823529411764,0.42745098039215684,0.4745098039215686,267.0005092630563,1009276
0.592156862745098,0.43529411764705883,0.4392156862745098,148.00028228813608,983588
0.5529411764705883,0.49019607843137253,0.4823529411764706,830.0015831023848,818293
0.5607843137254902,0.49411764705882355,0.4588235294117647,1952.0037231516326,344335
0.5254901960784314,0.2549019607843137,0.0196078431372549,302.0005760203858,793358
0.6235294117647059,0.3254901960784314,0.054901960784313725,5.000009536761354,790281
0.6392156862745098,0.37254901960784315,0.17647058823529413,44.000083923499915,820840
0.596078431372549,0.43137254901960786,0.24313725490196078,310.00059127920395,733925
0.6352941176470588,0.4,0.22745098039215686,383.0007305159197,835171
0.5490196078431373,0.5372549019607843,0.5529411764705883,2055.0039196089165,139587
0.592156862745098,0.5098039215686274,0.5490196078431373,1105.0021076242592,1020544
0.5176470588235295,0.5607843137254902,0.5490196078431373,563.0010738393285,435807
0.6,0.6078431372549019,0.5254901960784314,1481.002824788713,357598
0.5333333333333333,0.5254901960784314,0.5607843137254902,1363.002599721145,895297
0.5647058823529412,0.5568627450980392,0.615686274509804,597.0011386893057,865398
0.5058823529411764,0.5843137254901961,0.6,2233.0042591176207,614059
0.6,0.6196078431372549,0.6196078431372549,2969.005662928892,432776
0.396078431372549,0.2627450980392157,0.17647058823529413,434.0008277908855,885415
0.4588235294117647,0.2549019607843137,0.15294117647058825,541.0010318775785,803425
0.43137254901960786,0.3254901960784314,0.1843137254901961,10.000019073522708,718514
0.49411764705882355,0.3176470588235294,0.16862745098039217,21.000040054397687,190782
0.47843137254901963,0.27450980392156865,0.23921568627450981,1676.0031967224058,1033411
0.396078431372549,0.3215686274509804,0.22745098039215686,3206.00611497138,11316
0.45098039215686275,0.33725490196078434,0.2196078431372549,1142.0021781962932,750222
0.24313725490196078,0.12549019607843137,0.050980392156862744,156.00029754695424,822926
0.2196078431372549,0.24313725490196078,0.058823529411764705,1.0000019073522708,922599
0.12549019607843137,0.19607843137254902,0.12156862745098039,22.000041961749957,292608
0.23529411764705882,0.24705882352941178,0.06666666666666667,3.0000057220568124,930813
0.4196078431372549,0.42745098039215684,0.41568627450980394,2133.0040683823936,358695
0.4627450980392157,0.39215686274509803,0.39215686274509803,982.0018730199299,913919
0.4,0.44313725490196076,0.43137254901960786,426.00081253206736,523811
0.4666666666666667,0.45098039215686275,0.4,1122.0021400492478,328999
0.41568627450980394,0.41568627450980394,0.4392156862745098,1375.0026226093723,139695
0.47058823529411764,0.403921568627451,0.4588235294117647,813.0015506773962,993936
0.403921568627451,0.47843137254901963,0.4980392156862745,1940.0037002634053,619196
0.4588235294117647,0.4823529411764706,0.4745098039215686,2071.003950126553,317901
0.1843137254901961,0.27450980392156865,0.11764705882352941,602.001148226067,626686
0.25098039215686274,0.33725490196078434,0.15294117647058825,5633.010744115341,681851
0.2823529411764706,0.3176470588235294,0.1450980392156863,101.00019264257935,737004
0.2784313725490196,0.37254901960784315,0.12941176470588237,11298.021549265955,458679
0.2823529411764706,0.36470588235294116,0.14901960784313725,449.0008564011696,557966
0.25098039215686274,0.3411764705882353,0.1568627450980392,2206.0042076191094,679796
0.30196078431372547,0.32941176470588235,0.1803921568627451,34.00006484997721,371375
0.2823529411764706,0.3607843137254902,0.17647058823529413,5368.01023866699,636759
0.6431372549019608,0.5294117647058824,0.5294117647058824,1302.0024833726566,940289
0.6980392156862745,0.5529411764705883,0.5215686274509804,748.0014266994986,1007695
0.6823529411764706,0.6196078431372549,0.5019607843137255,1450.0027656607926,115970
0.6901960784313725,0.5607843137254902,0.5294117647058824,2719.0051860908243,1032313
0.6509803921568628,0.5568627450980392,0.5686274509803921,132.00025177049974,967970
0.7058823529411765,0.5529411764705883,0.5607843137254902,3.0000057220568124,921762
0.6470588235294118,0.5686274509803921,0.5843137254901961,1944.0037078928144,1035723
0.6980392156862745,0.596078431372549,0.592156862745098,1452.0027694754972,936199
0.4117647058823529,0.5137254901960784,0.5450980392156862,768.001464846544,449113
0.4627450980392157,0.5098039215686274,0.5529411764705883,1889.0036029884395,302489
0.42745098039215684,0.5725490196078431,0.5137254901960784,6.000011444113625,512721
0.4980392156862745,0.6039215686274509,0.5568627450980392,73.00013923671577,331412
0.403921568627451,0.5411764705882353,0.6039215686274509,2244.0042800984957,529009
0.45098039215686275,0.5294117647058824,0.5882352941176471,3020.005760203858,995313
0.43529411764705883,0.5843137254901961,0.6,73.00013923671577,378399
0.4392156862745098,0.5686274509803921,0.6196078431372549,1082.002063755157,291234
0.5294117647058824,0.5568627450980392,0.6274509803921569,282.00053787334036,1019568
0.5686274509803921,0.5568627450980392,0.6392156862745098,17.000032424988603,947981
0.5607843137254902,0.615686274509804,0.6784313725490196,3261.006219875755,1002208
0.5215686274509804,0.5529411764705883,0.6901960784313725,1.0000019073522708,857420
0.5725490196078431,0.5529411764705883,0.6862745098039216,1.0000019073522708,902984
0.5333333333333333,0.592156862745098,0.6941176470588235,158.00030136165879,984048
0.5647058823529412,0.6196078431372549,0.6901960784313725,98.00018692052254,981749
0.403921568627451,0.5098039215686274,0.3058823529411765,51.00009727496581,294528
0.48627450980392156,0.5215686274509804,0.27450980392156865,1985.0037860942575,233638
0.41568627450980394,0.5294117647058824,0.36470588235294116,74.00014114406804,221760
0.4980392156862745,0.5607843137254902,0.3686274509803922,1.0000019073522708,300189
0.5254901960784314,0.3058823529411765,0.2549019607843137,573.0010929128512,963589
0.5607843137254902,0.30980392156862746,0.25098039215686274,5.000009536761354,1016042
0.5529411764705883,0.34509803921568627,0.3058823529411765,2882.0054969892444,963655
0.5803921568627451,0.3568627450980392,0.29411764705882354,1629.0031070768491,1042470
0.5215686274509804,0.2980392156862745,0.3137254901960784,13.00002479557952,968976
0.5019607843137255,0.3411764705882353,0.3568627450980392,2708.0051651099493,991553
0.5647058823529412,0.37254901960784315,0.3333333333333333,754.0014381436122,922636
0.12549019607843137,0.16862745098039217,0.2627450980392157,216.0004119880905,290270
0.18823529411764706,0.12941176470588237,0.27058823529411763,24.0000457764545,940921
0.17647058823529413,0.2235294117647059,0.2823529411764706,3214.0061302301983,575075
0.19215686274509805,0.2196078431372549,0.27450980392156865,3629.0069217813907,380474
0.16470588235294117,0.15294117647058825,0.32941176470588235,9.000017166170437,947082
0.19607843137254902,0.1803921568627451,0.36470588235294116,7.0000133514658955,946055
0.1450980392156863,0.2235294117647059,0.34901960784313724,893.0017032655778,164129
0.18823529411764706,0.23921568627450981,0.32941176470588235,348.00066375859024,253422
0.21568627450980393,0.3137254901960784,0.13725490196078433,123.00023460432931,614395
0.23529411764705882,0.3176470588235294,0.12941176470588237,14519.02769284762,825243
0.24705882352941178,0.3607843137254902,0.12941176470588237,1577.003007894531,420826
0.19607843137254902,0.3333333333333333,0.16862745098039217,7016.013381983532,153570
0.24313725490196078,0.32941176470588235,0.16862745098039217,7124.013587977577,314353
0.21568627450980393,0.34509803921568627,0.1803921568627451,178.0003395087042,399125
0.23921568627450981,0.34509803921568627,0.1803921568627451,2654.0050621129267,342909
0.2901960784313726,0.3843137254901961,0.4,435.0008296982378,201042
0.35294117647058826,0.3803921568627451,0.39215686274509803,1851.0035305090532,235964
0.2784313725490196,0.4392156862745098,0.396078431372549,11.000020980874979,224832
0.3607843137254902,0.49411764705882355,0.43529411764705883,70.00013351465896,829726
0.2980392156862745,0.403921568627451,0.4588235294117647,2255.0043010793706,398842
0.3176470588235294,0.4117647058823529,0.45098039215686275,2501.0047702880292,617095
0.28627450980392155,0.4392156862745098,0.49411764705882355,30.000057220568124,208298
0.3333333333333333,0.4549019607843137,0.49411764705882355,712.0013580348168,577154
0.1568627450980392,0.28627450980392155,0.2549019607843137,66.00012588524987,163329
0.23529411764705882,0.26666666666666666,0.30196078431372547,2391.0045604792795,590422
0.17647058823529413,0.3137254901960784,0.25098039215686274,8.000015258818166,245336
0.23529411764705882,0.34901960784313724,0.25098039215686274,52.00009918231808,307846
0.1803921568627451,0.2549019607843137,0.3254901960784314,645.0012302422147,461324
0.17647058823529413,0.3137254901960784,0.35294117647058826,16.000030517636333,125397
0.24705882352941178,0.3333333333333333,0.36470588235294116,190.00036239693145,520724
0.8,0.7568627450980392,0.611764705882353,8.000015258818166,706254
0.8823529411764706,0.7686274509803922,0.6078431372549019,1.0000019073522708,148720
0.8901960784313725,0.7490196078431373,0.7176470588235294,34.00006484997721,892027
0.6352941176470588,0.4117647058823529,0.3764705882352941,241.00045967189726,942534
0.6941176470588235,0.48627450980392156,0.3764705882352941,179.00034141605647,901127
0.6431372549019608,0.43137254901960786,0.4392156862745098,1.0000019073522708,1042558
0.6509803921568628,0.4823529411764706,0.4549019607843137,2477.0047245115748,950354
0.6901960784313725,0.49019607843137253,0.44313725490196076,33.000062942624936,961665
0.12941176470588237,0.21176470588235294,0.1450980392156863,1569.0029926357129,138916
0.17647058823529413,0.21568627450980393,0.13333333333333333,8.000015258818166,135654
0.1411764705882353,0.2235294117647059,0.14901960784313725,10227.019506491673,251658
0.1568627450980392,0.23921568627450981,0.15294117647058825,917.0017490420323,222065
0.12941176470588237,0.21568627450980393,0.1568627450980392,63.00012016319306,135905
0.1803921568627451,0.2,0.1843137254901961,65.0001239778976,697082
0.13725490196078433,0.24705882352941178,0.16862745098039217,13369.025499392508,26287
0.1568627450980392,0.24705882352941178,0.1607843137254902,860.0016403229529,300813
0.2627450980392157,0.27450980392156865,0.4117647058823529,232.00044250572682,833057
0.34901960784313724,0.29411764705882354,0.3803921568627451,85.00016212494302,931597
0.2549019607843137,0.32941176470588235,0.4,3298.006290447789,303597
0.34901960784313724,0.3686274509803922,0.4196078431372549,1517.0028934533948,288105
0.2901960784313726,0.2823529411764706,0.47058823529411764,12.00002288822725,942973
0.3137254901960784,0.30196078431372547,0.4588235294117647,1.0000019073522708,856382
0.3058823529411765,0.3568627450980392,0.4549019607843137,1250.0023841903385,260551
0.3686274509803922,0.34901960784313724,0.44313725490196076,248.00047302336316,952039
0.7686274509803922,0.7764705882352941,0.8117647058823529,293.00055885421534,1035754
0.8,0.7725490196078432,0.8274509803921568,29.000055313215853,853106
0.796078431372549,0.803921568627451,0.8313725490196079,3434.006549847698,897265
0.7490196078431373,0.8,0.8431372549019608,118.00022506756795,608408
0.7803921568627451,0.807843137254902,0.8509803921568627,87.00016593964756,829490
0.26666666666666666,0.3764705882352941,0.12549019607843137,3393.006471646255,502760
0.2823529411764706,0.403921568627451,0.15294117647058825,4487.008558289639,437104
0.2784313725490196,0.40784313725490196,0.1411764705882353,3.0000057220568124,464879
0.3058823529411765,0.4117647058823529,0.15294117647058825,481.00091743644225,454535
0.26666666666666666,0.3764705882352941,0.1607843137254902,4858.0092659173315,365554
0.30196078431372547,0.3843137254901961,0.1843137254901961,8388.015998870847,739057
0.2784313725490196,0.41568627450980394,0.16862745098039217,265.00050544835176,435006
0.2980392156862745,0.4117647058823529,0.1568627450980392,3321.0063343168913,462663
0.07450980392156863,0.08235294117647059,0.08627450980392157,6516.0124283073965,173404
0.09411764705882353,0.08235294117647059,0.08627450980392157,5045.009622592206,848197
0.09019607843137255,0.09411764705882353,0.09019607843137255,3.0000057220568124,641577
0.12156862745098039,0.09411764705882353,0.0784313725490196,2337.004457482257,739821
0.06666666666666667,0.07058823529411765,0.11372549019607843,2446.0046653836544,174390
0.09411764705882353,0.09019607843137255,0.10588235294117647,902.0017204317483,451904
0.08627450980392157,0.09411764705882353,0.11372549019607843,885.0016880067597,585244
0.11372549019607843,0.10588235294117647,0.09803921568627451,6732.012840295487,649795
0.30980392156862746,0.396078431372549,0.26666666666666666,233.0004444130791,495311
0.30980392156862746,0.4470588235294118,0.27058823529411763,1.0000019073522708,203315
0.36470588235294116,0.4549019607843137,0.27058823529411763,770.0014686612485,28075
0.30980392156862746,0.3764705882352941,0.37254901960784315,41.0000782014431,336268
0.35294117647058826,0.3803921568627451,0.3607843137254902,329.0006275188971,611930
0.30980392156862746,0.45098039215686275,0.3607843137254902,12.00002288822725,129505
0.32941176470588235,0.4392156862745098,0.32941176470588235,79.00015068082939,494293
0.19215686274509805,0.2784313725490196,0.12549019607843137,172.00032806459058,633817
0.2196078431372549,0.25882352941176473,0.15294117647058825,5.000009536761354,642810
0.21568627450980393,0.29411764705882354,0.12549019607843137,6029.011499426841,901062
0.2235294117647059,0.30980392156862746,0.12549019607843137,3714.0070839063337,589789
0.19607843137254902,0.2784313725490196,0.17254901960784313,982.0018730199299,255874
0.22745098039215686,0.2549019607843137,0.16862745098039217,51.00009727496581,607985
0.19607843137254902,0.30196078431372547,0.16862745098039217,12608.02404789743,196540
0.2196078431372549,0.3058823529411765,0.1843137254901961,533.0010166187603,332501
0.403921568627451,0.40784313725490196,0.14901960784313725,64.00012207054533,875373
0.44313725490196076,0.42745098039215684,0.14901960784313725,4.000007629409083,898984
0.43137254901960786,0.4392156862745098,0.16862745098039217,1.0000019073522708,875372
0.47058823529411764,0.45098039215686275,0.1843137254901961,20.000038147045416,873319
0.38823529411764707,0.4196078431372549,0.2196078431372549,2035.003881461871,216104
0.4627450980392157,0.3843137254901961,0.19215686274509805,88.00016784699983,718553
0.38823529411764707,0.4392156862745098,0.2235294117647059,2502.0047721953815,227412
0.44313725490196076,0.4666666666666667,0.24313725490196078,841.0016040832597,218231
0.21568627450980393,0.3215686274509804,0.19607843137254902,5685.010843297659,98820
0.24705882352941178,0.3411764705882353,0.19215686274509805,8505.016222031063,308134
0.2,0.34901960784313724,0.18823529411764706,196.00037384104508,141238
0.24705882352941178,0.35294117647058826,0.21568627450980393,5647.010770818273,85492
0.21568627450980393,0.33725490196078434,0.2196078431372549,84.00016021759075,177807
0.24313725490196078,0.3333333333333333,0.2196078431372549,550.0010490437489,499425
0.2,0.34901960784313724,0.2235294117647059,4.000007629409083,87858
0.24705882352941178,0.35294117647058826,0.2235294117647059,1427.0027217916904,467672
0.3803921568627451,0.403921568627451,0.5098039215686274,350.0006675732948,954097
0.4392156862745098,0.4196078431372549,0.5098039215686274,169.00032234253376,986799
0.3803921568627451,0.47058823529411764,0.5098039215686274,2106.0040168838823,222675
0.44313725490196076,0.45098039215686275,0.5254901960784314,1651.003149038599,868598
0.3803921568627451,0.43137254901960786,0.5843137254901961,9.000017166170437,972754
0.3843137254901961,0.49019607843137253,0.5764705882352941,565.001077654033,950088
0.4666666666666667,0.4980392156862745,0.5803921568627451,541.0010318775785,984778
0.28627450980392155,0.403921568627451,0.5098039215686274,1192.0022735639068,279031
0.3137254901960784,0.4235294117647059,0.5137254901960784,619.0011806510556,271845
0.3058823529411765,0.44313725490196076,0.5450980392156862,316.00060272331757,547482
0.3333333333333333,0.4470588235294118,0.5058823529411764,2254.0042991720184,476775
0.27058823529411763,0.43137254901960786,0.5647058823529412,35.00006675732948,452142
0.3607843137254902,0.4235294117647059,0.592156862745098,16.000030517636333,958377
0.29411764705882354,0.4588235294117647,0.5803921568627451,100.00019073522708,455213
0.3333333333333333,0.4980392156862745,0.5803921568627451,796.0015182524075,559763
0.2627450980392157,0.12941176470588237,0.047058823529411764,997.001901630214,763645
0.36470588235294116,0.1607843137254902,0.03529411764705882,557.0010623952148,806514
0.35294117647058826,0.18823529411764706,0.03137254901960784,3.0000057220568124,735966
0.25882352941176473,0.16470588235294117,0.09019607843137255,2181.0041599353026,719535
0.3215686274509804,0.16862745098039217,0.10196078431372549,747.0014247921463,888445
0.3058823529411765,0.19215686274509805,0.10588235294117647,153.00029182489743,786080
0.3568627450980392,0.19607843137254902,0.10196078431372549,469.000894548215,732886
0.6274509803921569,0.6431372549019608,0.5529411764705883,634.0012092613397,360668
0.7215686274509804,0.6431372549019608,0.5411764705882353,853.001626971487,87262
0.6705882352941176,0.6901960784313725,0.5529411764705883,11.000020980874979,523993
0.7450980392156863,0.7019607843137254,0.5490196078431373,19.000036239693145,892679
0.6666666666666666,0.6352941176470588,0.6196078431372549,1562.002979284247,307445
0.6862745098039216,0.6784313725490196,0.6,1374.00262070202,557774
0.6823529411764706,0.7372549019607844,0.615686274509804,125.00023841903385,706258
0.7411764705882353,0.6980392156862745,0.5843137254901961,310.00059127920395,751259
0.17647058823529413,0.27450980392156865,0.3843137254901961,450.00085830852186,496203
0.22745098039215686,0.29411764705882354,0.40784313725490196,1570.0029945430651,217623
0.17647058823529413,0.3137254901960784,0.4196078431372549,15.000028610284062,514688
0.24313725490196078,0.34901960784313724,0.4235294117647059,1552.0029602107243,288211
0.16862745098039217,0.2980392156862745,0.47843137254901963,58.000110626431706,154901
0.2235294117647059,0.3058823529411765,0.4392156862745098,79.00015068082939,477810
0.1843137254901961,0.3137254901960784,0.44313725490196076,15.000028610284062,561816
0.2235294117647059,0.3137254901960784,0.44313725490196076,1108.002113346316,398879
0.3176470588235294,0.396078431372549,0.19215686274509805,5091.009710330411,595791
0.34509803921568627,0.403921568627451,0.20784313725490197,1021.0019474066685,243769
0.33725490196078434,0.4196078431372549,0.18823529411764706,944.0018005405436,529218
0.35294117647058826,0.4117647058823529,0.20784313725490197,1483.0028286034176,257123
0.3254901960784314,0.3764705882352941,0.2196078431372549,3924.0074844503106,567484
0.34509803921568627,0.39215686274509803,0.24313725490196078,1584.003021245997,552095
0.3137254901960784,0.40784313725490196,0.2235294117647059,2075.003957755962,323240
0.36470588235294116,0.43137254901960786,0.24313725490196078,2963.0056514847784,319533
0.25882352941176473,0.3254901960784314,0.19215686274509805,3191.006086361096,332481
0.28627450980392155,0.3411764705882353,0.19215686274509805,134.0002555852043,669442
0.25882352941176473,0.36470588235294116,0.18823529411764706,6323.012060188408,342911
0.28627450980392155,0.3607843137254902,0.2,4250.008106247151,602926
0.25098039215686274,0.33725490196078434,0.2235294117647059,1430.0027275137472,496354
0.29411764705882354,0.3411764705882353,0.23137254901960785,74.00014114406804,698121
0.25098039215686274,0.34509803921568627,0.2235294117647059,2825.005388270165,497376
0.2980392156862745,0.3686274509803922,0.2196078431372549,795.0015163450553,628502
0.7764705882352941,0.8117647058823529,0.8274509803921568,941.0017948184868,835089
0.7803921568627451,0.8117647058823529,0.8313725490196079,12260.02338413884,769234
0.7607843137254902,0.8431372549019608,0.8392156862745098,24.0000457764545,704209
0.792156862745098,0.8431372549019608,0.8117647058823529,82.0001564028862,238155
0.7725490196078432,0.8156862745098039,0.8470588235294118,318.0006065380221,814270
0.792156862745098,0.8235294117647058,0.8431372549019608,4961.009462374615,781397
0.7725490196078432,0.8470588235294118,0.8666666666666667,60.00011444113625,843188
0.8,0.8509803921568627,0.8627450980392157,279.00053215128355,869818
0.6862745098039216,0.7490196078431373,0.7647058823529411,472.0009002702718,868841
0.7254901960784313,0.7568627450980392,0.7764705882352941,2536.0048370453587,1006525
0.7098039215686275,0.788235294117647,0.7725490196078432,10.000019073522708,886228
0.7411764705882353,0.7843137254901961,0.7764705882352941,66.00012588524987,503447
0.7058823529411765,0.7568627450980392,0.8,4552.008682267537,695304
0.7254901960784313,0.7647058823529411,0.792156862745098,10296.01963809898,633881
0.6941176470588235,0.7843137254901961,0.803921568627451,48.000091552909,862618
0.7372549019607844,0.7803921568627451,0.807843137254902,718.0013694789304,717965
0.13725490196078433,0.12941176470588237,0.12941176470588237,4742.009044664468,428355
0.1568627450980392,0.13333333333333333,0.12549019607843137,4689.008943574798,883174
0.15294117647058825,0.1568627450980392,0.15294117647058825,43.000082016147644,468292
0.16862745098039217,0.1568627450980392,0.14901960784313725,1225.0023365065317,543187
0.13725490196078433,0.1450980392156863,0.1568627450980392,2468.0047073454043,243047
0.1607843137254902,0.15294117647058825,0.1568627450980392,411.0007839217833,549323
0.15294117647058825,0.1607843137254902,0.1803921568627451,1137.002168659532,619121
0.1843137254901961,0.1607843137254902,0.1568627450980392,3074.0058632008804,623148
0.6509803921568628,0.5803921568627451,0.45098039215686275,3275.006246578687,128214
0.6627450980392157,0.5764705882352941,0.4588235294117647,3389.0064640168457,22793
0.6352941176470588,0.6078431372549019,0.4392156862745098,796.0015182524075,177398
0.6784313725490196,0.592156862745098,0.4549019607843137,1653.0031528533036,682324
0.6313725490196078,0.5764705882352941,0.49411764705882355,306.00058364979486,240928
0.6627450980392157,0.5803921568627451,0.47058823529411764,2078.0039634780187,55480
0.6470588235294118,0.6078431372549019,0.4745098039215686,230.00043869102228,142617
0.6745098039215687,0.6,0.4745098039215686,5362.010227222876,100618
0.7529411764705882,0.6549019607843137,0.6392156862745098,627.0011959098738,948682
0.8117647058823529,0.6745098039215687,0.6392156862745098,36.00006866468175,999519
0.803921568627451,0.6901960784313725,0.6627450980392157,807.0015392332825,1023083
0.8313725490196079,0.7019607843137254,0.6666666666666666,166.00031662047695,969871
0.7725490196078432,0.6745098039215687,0.6862745098039216,41.0000782014431,927971
0.7686274509803922,0.7058823529411765,0.7176470588235294,2289.004365929348,955688
0.8470588235294118,0.7294117647058823,0.7058823529411765,117.00022316021568,1047685
0.050980392156862744,0.054901960784313725,0.1803921568627451,4.000007629409083,863676
0.08235294117647059,0.058823529411764705,0.13333333333333333,6.000011444113625,867765
0.058823529411764705,0.08627450980392157,0.15294117647058825,98.00018692052254,369168
0.0,0.047058823529411764,0.23921568627450981,25.00004768380677,983026
0.0392156862745098,0.08235294117647059,0.2,12.00002288822725,869839
0.08235294117647059,0.09411764705882353,0.23137254901960785,35.00006675732948,863492
0.6980392156862745,0.7137254901960784,0.7568627450980392,1520.0028991754516,951655
0.7176470588235294,0.7137254901960784,0.7568627450980392,320.00061035272665,855159
0.6862745098039216,0.7215686274509804,0.7490196078431373,6253.011926673749,1014533
0.7294117647058823,0.7254901960784313,0.7647058823529411,4386.00836564706,1032695
0.6862745098039216,0.7019607843137254,0.788235294117647,3.0000057220568124,853107
0.6901960784313725,0.7411764705882353,0.788235294117647,1658.003162390065,862490
0.7411764705882353,0.7411764705882353,0.7803921568627451,1151.0021953624637,1040878
0.26666666666666666,0.3764705882352941,0.19215686274509805,1964.0037460398598,470808
0.2901960784313726,0.38823529411764707,0.18823529411764706,3937.00750924589,731887
0.2784313725490196,0.41568627450980394,0.18823529411764706,54.00010299702262,396093
0.2980392156862745,0.43529411764705883,0.19215686274509805,760.0014495877258,395084
0.2627450980392157,0.3843137254901961,0.22745098039215686,2928.005584727449,198250
0.29411764705882354,0.3803921568627451,0.23137254901960785,3218.0061378596074,404162
0.2784313725490196,0.4117647058823529,0.24705882352941178,13.00002479557952,206462
0.2901960784313726,0.4117647058823529,0.22745098039215686,1534.0029258783834,241275
0.4235294117647059,0.5176470588235295,0.3764705882352941,76.00014495877258,502480
0.4823529411764706,0.5294117647058824,0.3803921568627451,2813.0053653819377,352384
0.43529411764705883,0.5607843137254902,0.39215686274509803,1.0000019073522708,709339
0.4745098039215686,0.5764705882352941,0.43529411764705883,25.00004768380677,698104
0.42745098039215684,0.5333333333333333,0.4549019607843137,68.00012969995441,328339
0.47843137254901963,0.5176470588235295,0.4823529411764706,523.0009975452376,406110
0.43137254901960786,0.5607843137254902,0.47058823529411764,2.0000038147045416,183839
0.4627450980392157,0.5686274509803921,0.47843137254901963,41.0000782014431,519899
0.4,0.1803921568627451,0.12549019607843137,38.00007247938629,969895
0.396078431372549,0.20392156862745098,0.16862745098039217,1033.0019702948957,1012805
0.4549019607843137,0.2,0.15294117647058825,160.00030517636333,975025
0.3843137254901961,0.1843137254901961,0.18823529411764706,3.0000057220568124,934109
0.3803921568627451,0.24313725490196078,0.2235294117647059,1854.00353623111,977465
0.44313725490196076,0.24313725490196078,0.20392156862745098,231.00044059837455,1003558
0.3411764705882353,0.24313725490196078,0.26666666666666666,615.0011730216465,976423
0.40784313725490196,0.24313725490196078,0.27058823529411763,172.00032806459058,912530
0.18823529411764706,0.1450980392156863,0.12549019607843137,980.0018692052254,677320
0.22745098039215686,0.1411764705882353,0.12941176470588237,272.00051879981766,425185
0.19215686274509805,0.1568627450980392,0.13725490196078433,5036.009605426036,561459
0.23529411764705882,0.1803921568627451,0.15294117647058825,3006.005733500926,560449
0.19607843137254902,0.14901960784313725,0.16862745098039217,51.00009727496581,180516
0.22745098039215686,0.1450980392156863,0.1568627450980392,40.00007629409083,900618
0.19607843137254902,0.1803921568627451,0.1803921568627451,2042.003894813337,432602
0.22745098039215686,0.1843137254901961,0.1568627450980392,636.0012130760442,594340
0.12549019607843137,0.08627450980392157,0.09019607843137255,745.0014209774417,181532
0.1568627450980392,0.09019607843137255,0.06274509803921569,250.0004768380677,888504
0.12941176470588237,0.10196078431372549,0.08627450980392157,1729.0032978120762,613758
0.1568627450980392,0.10588235294117647,0.06666666666666667,1023.001951221373,811703
0.12549019607843137,0.07058823529411765,0.11372549019607843,54.00010299702262,829699
0.1607843137254902,0.09019607843137255,0.11764705882352941,11.000020980874979,880082
0.1450980392156863,0.10980392156862745,0.09411764705882353,7235.013799693679,672141
0.1607843137254902,0.12156862745098039,0.09803921568627451,661.001260759851,677287
0.09019607843137255,0.18823529411764706,0.13725490196078433,1.0000019073522708,103082
0.11372549019607843,0.2,0.1411764705882353,5711.0108928888185,135904
0.11764705882352941,0.2235294117647059,0.13725490196078433,1948.0037155222235,7137
0.06666666666666667,0.20784313725490197,0.17254901960784313,3.0000057220568124,178710
0.11764705882352941,0.21568627450980393,0.1568627450980392,602.001148226067,83671
0.11764705882352941,0.23137254901960785,0.1568627450980392,2316.004417427859,29402
0.3843137254901961,0.5215686274509804,0.6313725490196078,183.00034904546555,449062
0.48627450980392156,0.5490196078431373,0.6235294117647059,468.00089264086273,992984
0.403921568627451,0.5764705882352941,0.6588235294117647,166.00031662047695,887683
0.4666666666666667,0.596078431372549,0.6431372549019608,1663.0031719268263,255503
0.4745098039215686,0.5568627450980392,0.6862745098039216,3.0000057220568124,853340
0.3764705882352941,0.5803921568627451,0.7019607843137254,55.00010490437489,909240
0.4588235294117647,0.5764705882352941,0.6862745098039216,47.00008964555673,863621
0.3843137254901961,0.44313725490196076,0.2627450980392157,2433.004640588075,46503
0.4196078431372549,0.4392156862745098,0.27058823529411763,1008.001922611089,533707
0.403921568627451,0.47058823529411764,0.27058823529411763,119.00022697492022,292973
0.4117647058823529,0.47843137254901963,0.26666666666666666,689.0013141657146,277622
0.403921568627451,0.4627450980392157,0.30980392156862746,2000.0038147045416,389128
0.4117647058823529,0.4470588235294118,0.2980392156862745,2420.0046157924953,516174
0.403921568627451,0.47058823529411764,0.2980392156862745,85.00016212494302,328783
0.41568627450980394,0.4745098039215686,0.30980392156862746,1551.002958303372,338008
0.6078431372549019,0.7490196078431373,0.6901960784313725,1.0000019073522708,828702
0.7254901960784313,0.7490196078431373,0.7333333333333333,629.0011997245783,492212
0.6431372549019608,0.6901960784313725,0.7098039215686275,571.0010890981466,967635
0.6666666666666666,0.6941176470588235,0.7137254901960784,663.0012645745555,290416
0.6509803921568628,0.7294117647058823,0.6862745098039216,20.000038147045416,140777
0.6823529411764706,0.7215686274509804,0.6862745098039216,117.00022316021568,444032
0.6509803921568628,0.6941176470588235,0.7450980392156863,3501.0066776403,996100
0.6705882352941176,0.6980392156862745,0.7372549019607844,4333.008264557389,703781
0.6235294117647059,0.7215686274509804,0.7411764705882353,85.00016212494302,435766
0.6784313725490196,0.7215686274509804,0.7333333333333333,537.0010242481694,623283
0.7843137254901961,0.8823529411764706,0.8823529411764706,74.00014114406804,107944
0.8627450980392157,0.8823529411764706,0.8941176470588236,2349.004480370484,846371
0.8705882352941177,0.9372549019607843,0.9098039215686274,7.0000133514658955,845078
0.8470588235294118,0.9176470588235294,0.9411764705882353,4.000007629409083,257629
0.8705882352941177,0.9529411764705882,0.9411764705882353,15.000028610284062,870939
0.7098039215686275,0.7686274509803922,0.8156862745098039,352.0006713879993,573493
0.7215686274509804,0.7764705882352941,0.8156862745098039,2847.005430231915,689190
0.7098039215686275,0.7803921568627451,0.8352941176470589,64.00012207054533,858402
0.7372549019607844,0.7843137254901961,0.8156862745098039,6085.011606238568,762911
0.7058823529411765,0.7686274509803922,0.8470588235294118,3.0000057220568124,859455
0.7019607843137254,0.807843137254902,0.8627450980392157,26.00004959115904,880490
0.7411764705882353,0.796078431372549,0.8431372549019608,58.000110626431706,853259
0.5254901960784314,0.29411764705882354,0.1843137254901961,268.0005111704086,798336
0.5764705882352941,0.30980392156862746,0.15294117647058825,52.00009918231808,872273
0.5568627450980392,0.3254901960784314,0.16862745098039217,117.00022316021568,791302
0.592156862745098,0.34901960784313724,0.16470588235294117,208.00039672927232,816741
0.5254901960784314,0.29411764705882354,0.22745098039215686,706.0013465907032,1019919
0.5647058823529412,0.3058823529411765,0.21568627450980393,18.000034332340874,923704
0.5294117647058824,0.3607843137254902,0.21568627450980393,588.0011215231352,877161
0.5764705882352941,0.3215686274509804,0.23921568627450981,331.00063133360163,997444
0.0784313725490196,0.027450980392156862,0.00392156862745098,38.00007247938629,731847
0.09803921568627451,0.027450980392156862,0.023529411764705882,4.000007629409083,851379
0.06666666666666667,0.03529411764705882,0.023529411764705882,4044.007713332583,846587
0.09411764705882353,0.047058823529411764,0.0196078431372549,693.0013217951237,711370
0.06666666666666667,0.027450980392156862,0.03137254901960784,4.000007629409083,157994
0.11372549019607843,0.027450980392156862,0.0392156862745098,3.0000057220568124,829697
0.08235294117647059,0.047058823529411764,0.03137254901960784,2513.0047931762565,817851
0.09411764705882353,0.054901960784313725,0.03137254901960784,1734.0033073488376,785096
0.7568627450980392,0.7686274509803922,0.7686274509803922,1232.0023498579976,969648
0.8,0.7686274509803922,0.7764705882352941,539.001028062874,1021374
0.7490196078431373,0.7803921568627451,0.7647058823529411,255.00048637482905,300458
0.792156862745098,0.807843137254902,0.7764705882352941,283.00053978069263,697656
0.7490196078431373,0.7529411764705882,0.792156862745098,2715.005178461415,1025502
0.7843137254901961,0.7686274509803922,0.796078431372549,376.0007171644538,916752
0.7607843137254902,0.7843137254901961,0.807843137254902,2437.004648217484,980871
0.796078431372549,0.803921568627451,0.803921568627451,1132.0021591227705,785774
0.6392156862745098,0.6392156862745098,0.6862745098039216,1152.002197269816,870642
0.6549019607843137,0.6431372549019608,0.6941176470588235,563.0010738393285,797730
0.6431372549019608,0.6823529411764706,0.7137254901960784,1864.0035553046328,974839
0.6549019607843137,0.6666666666666666,0.7137254901960784,1821.003473288485,879755
0.6235294117647059,0.6431372549019608,0.7176470588235294,6.000011444113625,958794
0.6588235294117647,0.6509803921568628,0.7372549019607844,1.0000019073522708,815656
0.6235294117647059,0.6823529411764706,0.7254901960784313,1772.0033798282238,1012625
0.6705882352941176,0.6823529411764706,0.7333333333333333,1694.0032310547467,913766
0.6274509803921569,0.38823529411764707,0.29411764705882354,158.00030136165879,1021165
0.6823529411764706,0.48627450980392156,0.2823529411764706,145.00027656607926,848497
0.7019607843137254,0.48627450980392156,0.30196078431372547,69.00013160730668,879451
0.6235294117647059,0.38823529411764707,0.3215686274509804,1040.0019836463616,1009878
0.6352941176470588,0.4392156862745098,0.3568627450980392,719.0013713862827,1039365
0.6941176470588235,0.49411764705882355,0.36470588235294116,18.000034332340874,883538
0.27450980392156865,0.19215686274509805,0.13725490196078433,1621.003091818031,715153
0.2980392156862745,0.21568627450980393,0.15294117647058825,582.0011100790216,749981
0.26666666666666666,0.23529411764705882,0.14901960784313725,5.000009536761354,662225
0.30980392156862746,0.2235294117647059,0.15294117647058825,16.000030517636333,747972
0.25882352941176473,0.2,0.1607843137254902,2568.0048980806314,667097
0.28627450980392155,0.21568627450980393,0.16862745098039217,1198.0022850080204,589171
0.27058823529411763,0.2196078431372549,0.1843137254901961,612.0011672995897,635321
0.30196078431372547,0.22745098039215686,0.1843137254901961,1867.0035610266896,776686
0.7098039215686275,0.6862745098039216,0.6862745098039216,586.0011177084307,765305
0.7411764705882353,0.6862745098039216,0.6901960784313725,858.0016365082483,899419
0.7137254901960784,0.7450980392156863,0.7058823529411765,363.0006923688743,638649
0.7411764705882353,0.7254901960784313,0.7137254901960784,401.0007648482606,319730
0.6980392156862745,0.6941176470588235,0.7333333333333333,2710.005168924654,856189
0.7411764705882353,0.7019607843137254,0.7254901960784313,1582.0030174312924,952626
0.7137254901960784,0.7176470588235294,0.7450980392156863,1095.0020885507365,916691
0.7333333333333333,0.7450980392156863,0.7333333333333333,685.0013065363055,127286
0.8823529411764706,0.9019607843137255,0.9058823529411765,1770.0033760135193,834945
0.9529411764705882,0.9098039215686274,0.8745098039215686,1.0000019073522708,1006716
0.8941176470588236,0.9372549019607843,0.9254901960784314,122.00023269697704,830737
0.9372549019607843,0.9411764705882353,0.8745098039215686,20.000038147045416,406748
0.8784313725490196,0.9294117647058824,0.9372549019607843,8.000015258818166,795185
0.8745098039215686,0.9529411764705882,0.9647058823529412,44.000083923499915,257630
0.9411764705882353,0.996078431372549,0.9882352941176471,9.000017166170437,144874
0.5607843137254902,0.5803921568627451,0.45098039215686275,1696.0032348694513,403637
0.611764705882353,0.5647058823529412,0.4549019607843137,175.0003337866474,691896
0.5647058823529412,0.592156862745098,0.4627450980392157,1933.0036869119394,322772
0.6039215686274509,0.611764705882353,0.4549019607843137,790.0015068082939,227564
0.5882352941176471,0.5764705882352941,0.48627450980392156,209.0003986366246,668372
0.6196078431372549,0.5607843137254902,0.47843137254901963,187.00035667487464,422121
0.5686274509803921,0.6,0.47843137254901963,2086.003978736837,335047
0.6,0.6196078431372549,0.4745098039215686,781.0014896421235,242940
0.5843137254901961,0.6509803921568628,0.6980392156862745,1877.0035801002123,1002485
0.615686274509804,0.6470588235294118,0.6901960784313725,1150.0021934551114,912285
0.5803921568627451,0.6549019607843137,0.7098039215686275,497.0009479540786,283074
0.6039215686274509,0.6549019607843137,0.7058823529411765,2666.005085001154,1017556
0.5882352941176471,0.6509803921568628,0.7215686274509804,39.00007438673856,953135
0.596078431372549,0.6509803921568628,0.7176470588235294,33.000062942624936,985864
0.5764705882352941,0.6588235294117647,0.7176470588235294,125.00023841903385,963554
0.6196078431372549,0.6745098039215687,0.7215686274509804,1461.0027866416676,1014733
0.4392156862745098,0.4666666666666667,0.3215686274509804,358.00068283211294,499812
0.48627450980392156,0.4666666666666667,0.3176470588235294,94.00017929111345,588505
0.4588235294117647,0.47843137254901963,0.3137254901960784,2820.0053787334036,487613
0.49019607843137253,0.49411764705882355,0.32941176470588235,894.0017051729301,479442
0.45098039215686275,0.4549019607843137,0.36470588235294116,83.00015831023848,611048
0.49019607843137253,0.4549019607843137,0.35294117647058826,185.0003528601701,665187
0.4549019607843137,0.49019607843137253,0.35294117647058826,2752.005249033449,435237
0.47058823529411764,0.49019607843137253,0.34901960784313724,639.001218798101,478342
0.8392156862745098,0.8117647058823529,0.8117647058823529,1314.0025062608838,857769
0.8431372549019608,0.8274509803921568,0.8156862745098039,216.0004119880905,858161
0.8352941176470589,0.8470588235294118,0.8392156862745098,202.0003852851587,879012
0.8705882352941177,0.8470588235294118,0.8352941176470589,169.00032234253376,851124
0.8156862745098039,0.8313725490196079,0.8431372549019608,2085.0039768294846,722190
0.8470588235294118,0.8392156862745098,0.8431372549019608,67.00012779260214,913618
0.8196078431372549,0.8705882352941177,0.8705882352941177,2500.004768380677,831753
0.8549019607843137,0.8588235294117647,0.8509803921568627,930.0017738376118,908851
0.7803921568627451,0.807843137254902,0.8823529411764706,1.0000019073522708,827940
0.807843137254902,0.8549019607843137,0.8745098039215686,107.00020408669297,876983
0.8235294117647058,0.8705882352941177,0.8784313725490196,1762.0033607547011,845217
0.2,0.20784313725490197,0.21568627450980393,1981.0037784648484,521713
0.2196078431372549,0.20392156862745098,0.19607843137254902,1072.0020446816343,670242
0.19607843137254902,0.2235294117647059,0.20784313725490197,99.00018882787481,364002
0.2196078431372549,0.2196078431372549,0.21568627450980393,660.0012588524987,464344
0.20392156862745098,0.21176470588235294,0.23137254901960785,1219.002325062418,435690
0.23529411764705882,0.21568627450980393,0.2196078431372549,182.00034713811328,405783
0.21176470588235294,0.22745098039215686,0.23921568627450981,773.0014743833053,620144
0.2196078431372549,0.23921568627450981,0.23529411764705882,1317.0025119829406,818553
0.1411764705882353,0.13333333333333333,0.08627450980392157,2.0000038147045416,679649
0.1803921568627451,0.13333333333333333,0.09019607843137255,102.00019454993162,730554
0.12549019607843137,0.12549019607843137,0.11764705882352941,2053.003915794212,532905
0.16470588235294117,0.13725490196078433,0.11764705882352941,5076.0096817201265,572758
0.14901960784313725,0.16862745098039217,0.10980392156862745,1.0000019073522708,677596
0.1803921568627451,0.1568627450980392,0.12156862745098039,11.000020980874979,686658
0.7843137254901961,0.7490196078431373,0.6823529411764706,154.0002937322497,469220
0.8588235294117647,0.7490196078431373,0.6470588235294118,27.00005149851131,851621
0.8431372549019608,0.8235294117647058,0.6784313725490196,1.0000019073522708,229737
0.788235294117647,0.7686274509803922,0.7294117647058823,1189.00226784185,299247
0.8117647058823529,0.7607843137254902,0.7294117647058823,343.0006542218289,876637
0.807843137254902,0.8156862745098039,0.7450980392156863,13.00002479557952,556746
0.8588235294117647,0.8117647058823529,0.7333333333333333,37.00007057203402,210258
0.5176470588235295,0.5019607843137255,0.396078431372549,538.0010261555217,261437
0.5529411764705883,0.5254901960784314,0.39215686274509803,99.00018882787481,674477
0.5215686274509804,0.5333333333333333,0.38823529411764707,2898.0055275068808,453784
0.5333333333333333,0.5490196078431373,0.396078431372549,912.001739505271,441525
0.5215686274509804,0.5254901960784314,0.4117647058823529,76.00014495877258,213273
0.5568627450980392,0.5137254901960784,0.42745098039215684,174.00033187929512,601651
0.5215686274509804,0.5411764705882353,0.40784313725490196,1063.0020275154639,420971
0.5490196078431373,0.5568627450980392,0.40784313725490196,859.0016384156006,435381
0.3137254901960784,0.403921568627451,0.15294117647058825,128.00024414109066,494447
0.36470588235294116,0.4,0.1411764705882353,2.0000038147045416,872293
0.3176470588235294,0.41568627450980394,0.15294117647058825,498.00094986143085,489378
0.3215686274509804,0.4,0.1843137254901961,1506.0028724725198,566102
0.35294117647058826,0.3764705882352941,0.1803921568627451,14.000026702931791,865119
0.33725490196078434,0.43529411764705883,0.1843137254901961,4305.008211151526,492361
0.34509803921568627,0.42745098039215684,0.1803921568627451,132.00025177049974,527213
0.45098039215686275,0.5137254901960784,0.3137254901960784,760.0014495877258,294020
0.49019607843137253,0.5019607843137255,0.3411764705882353,625.0011920951692,457918
0.4588235294117647,0.5294117647058824,0.3333333333333333,31.000059127920395,298127
0.47058823529411764,0.5333333333333333,0.32941176470588235,414.0007896438401,288924
0.45098039215686275,0.5019607843137255,0.34901960784313724,1470.002803807838,355420
0.47843137254901963,0.5137254901960784,0.37254901960784315,2610.0049781894268,401511
0.4666666666666667,0.5294117647058824,0.3568627450980392,44.000083923499915,327807
0.48627450980392156,0.5411764705882353,0.36470588235294116,604.0011520407716,312478
0.3333333333333333,0.25882352941176473,0.20784313725490197,1559.0029735621902,569604
0.3568627450980392,0.2627450980392157,0.20392156862745098,1654.003154760656,599338
0.3411764705882353,0.2823529411764706,0.21176470588235294,163.00031089842014,761403
0.3686274509803922,0.29411764705882354,0.20392156862745098,468.00089264086273,750178
0.3176470588235294,0.25882352941176473,0.22745098039215686,638.0012168907488,723562
0.3607843137254902,0.27058823529411763,0.2196078431372549,487.0009288805559,593165
0.3411764705882353,0.2823529411764706,0.2196078431372549,503.0009593981922,753225
0.35294117647058826,0.2823529411764706,0.23921568627450981,1072.0020446816343,598484
0.6274509803921569,0.5411764705882353,0.6549019607843137,2.0000038147045416,902983
0.6509803921568628,0.611764705882353,0.6666666666666666,1503.002866750463,986635
0.6980392156862745,0.615686274509804,0.6274509803921569,107.00020408669297,988705
0.6235294117647059,0.6078431372549019,0.6862745098039216,5.000009536761354,812585
0.6980392156862745,0.6078431372549019,0.6980392156862745,1.0000019073522708,901962
0.5568627450980392,0.6274509803921569,0.5450980392156862,18.000034332340874,577653
0.6078431372549019,0.6313725490196078,0.5058823529411764,524.0009994525899,249092
0.615686274509804,0.6901960784313725,0.5568627450980392,4.000007629409083,716552
0.5568627450980392,0.6313725490196078,0.5764705882352941,59.00011253378398,598184
0.6039215686274509,0.6313725490196078,0.6039215686274509,954.0018196140663,622271
0.611764705882353,0.6901960784313725,0.6039215686274509,13.00002479557952,720654
0.6509803921568628,0.7137254901960784,0.7686274509803922,739.0014095333281,549897
0.6823529411764706,0.7098039215686275,0.7568627450980392,1614.003078466565,911708
0.6509803921568628,0.7215686274509804,0.7725490196078432,236.0004501351359,569408
0.6784313725490196,0.7176470588235294,0.7490196078431373,2867.0054683789604,1001350
0.6352941176470588,0.7098039215686275,0.7803921568627451,19.000036239693145,936806
0.6705882352941176,0.7058823529411765,0.8,8.000015258818166,863679
0.6352941176470588,0.7411764705882353,0.7843137254901961,48.000091552909,920529
0.6745098039215687,0.7333333333333333,0.803921568627451,694.0013237024759,857396
0.38823529411764707,0.17647058823529413,0.047058823529411764,166.00031662047695,830070
0.4235294117647059,0.19607843137254902,0.047058823529411764,226.0004310616132,822060
0.4549019607843137,0.21176470588235294,0.0392156862745098,282.00053787334036,812835
0.396078431372549,0.1843137254901961,0.06666666666666667,46.000087738204456,855879
0.4,0.18823529411764706,0.07058823529411765,586.0011177084307,802423
0.4470588235294118,0.23529411764705882,0.12156862745098039,250.0004768380677,853674
0.5725490196078431,0.5019607843137255,0.3215686274509804,867.0016536744188,115751
0.596078431372549,0.5215686274509804,0.33725490196078434,32.000061035272665,1338
0.5725490196078431,0.5450980392156862,0.3176470588235294,1370.002613072611,177264
0.592156862745098,0.5333333333333333,0.3411764705882353,227.00043296896547,138322
0.5607843137254902,0.5058823529411764,0.3607843137254902,270.0005149851131,146666
0.592156862745098,0.5137254901960784,0.3607843137254902,684.0013046289532,94283
0.5725490196078431,0.5529411764705883,0.35294117647058826,729.0013904598054,77169
0.596078431372549,0.5568627450980392,0.3686274509803922,1884.0035934516782,88408
0.6274509803921569,0.5803921568627451,0.4,897.0017108949869,149623
0.6627450980392157,0.5607843137254902,0.4,13.00002479557952,764548
0.6235294117647059,0.596078431372549,0.403921568627451,346.0006599438857,188637
0.6784313725490196,0.592156862745098,0.4,3.0000057220568124,893703
0.6392156862745098,0.5725490196078431,0.43137254901960786,3445.006570828573,79166
0.6588235294117647,0.5647058823529412,0.40784313725490196,102.00019454993162,776822
0.6392156862745098,0.6,0.43137254901960786,1179.0022487683273,163044
0.6549019607843137,0.6,0.43529411764705883,19.000036239693145,152812
0.21568627450980393,0.25098039215686274,0.0784313725490196,1.0000019073522708,927733
0.23529411764705882,0.25098039215686274,0.0784313725490196,7.0000133514658955,914386
0.19607843137254902,0.3058823529411765,0.08627450980392157,4.000007629409083,448486
0.19215686274509805,0.2784313725490196,0.11372549019607843,830.0015831023848,712685
0.23137254901960785,0.27058823529411763,0.10196078431372549,22.000041961749957,930815
0.20784313725490197,0.2901960784313726,0.11764705882352941,2954.005634318608,881603
0.2196078431372549,0.30196078431372547,0.11764705882352941,2022.0038566662915,859095
0.2549019607843137,0.28627450980392155,0.10588235294117647,109.00020790139752,925680
0.3137254901960784,0.3058823529411765,0.09019607843137255,3.0000057220568124,931838
0.2549019607843137,0.3686274509803922,0.10980392156862745,1257.0023975418044,492534
0.3333333333333333,0.35294117647058826,0.12156862745098039,74.00014114406804,877428
0.7529411764705882,0.5450980392156862,0.30980392156862746,129.00024604844293,836200
0.8392156862745098,0.6235294117647059,0.36470588235294116,1.0000019073522708,841376
0.7490196078431373,0.5450980392156862,0.4117647058823529,151.0002880101929,879446
0.8470588235294118,0.6705882352941176,0.49411764705882355,74.00014114406804,846496
0.5764705882352941,0.5137254901960784,0.39215686274509803,196.00037384104508,722558
0.6039215686274509,0.5137254901960784,0.3803921568627451,1543.0029430445538,78948
0.5764705882352941,0.5294117647058824,0.38823529411764707,50.00009536761354,689838
0.615686274509804,0.5529411764705883,0.38823529411764707,1990.0037956310189,136359
0.5882352941176471,0.5058823529411764,0.40784313725490196,241.00045967189726,701144
0.592156862745098,0.5098039215686274,0.40784313725490196,771.0014705686008,565494
0.5843137254901961,0.5372549019607843,0.4235294117647059,159.00030326901106,623888
0.615686274509804,0.5294117647058824,0.41568627450980394,667.0012722039646,48277
0.7607843137254902,0.792156862745098,0.8156862745098039,6178.011783622329,852447
0.7647058823529411,0.792156862745098,0.8196078431372549,869.0016574891233,666834
0.7607843137254902,0.796078431372549,0.8235294117647058,1397.0026645711223,684299
0.7647058823529411,0.796078431372549,0.8156862745098039,5120.009765643626,805273
0.7529411764705882,0.792156862745098,0.8274509803921568,503.0009593981922,787578
0.7764705882352941,0.792156862745098,0.8392156862745098,102.00019454993162,863374
0.7607843137254902,0.8,0.8313725490196079,2137.0040760118027,678962
0.7764705882352941,0.807843137254902,0.8313725490196079,5726.010921499103,675943
0.4666666666666667,0.45098039215686275,0.25098039215686274,488.00093078790815,160773
0.47843137254901963,0.4666666666666667,0.2549019607843137,317.00060463066984,173076
0.45098039215686275,0.4745098039215686,0.25098039215686274,1042.0019874610662,214133
0.4745098039215686,0.47058823529411764,0.2627450980392157,1366.002605443202,184373
0.4549019607843137,0.4666666666666667,0.28627450980392155,765.0014591244872,508123
0.48627450980392156,0.4392156862745098,0.30980392156862746,10.000019073522708,702110
0.44313725490196076,0.48627450980392156,0.2901960784313726,1118.0021324198387,41368
0.4745098039215686,0.49019607843137253,0.30196078431372547,320.00061035272665,79246
0.396078431372549,0.30980392156862746,0.40784313725490196,20.000038147045416,934691
0.396078431372549,0.3333333333333333,0.403921568627451,653.0012455010328,964274
0.4627450980392157,0.3607843137254902,0.4,426.00081253206736,939201
0.4117647058823529,0.37254901960784315,0.45098039215686275,216.0004119880905,978612
0.49019607843137253,0.3607843137254902,0.4666666666666667,32.000061035272665,928567
0.6470588235294118,0.6274509803921569,0.6352941176470588,478.00091171438544,843973
0.6549019607843137,0.6352941176470588,0.6235294117647059,446.0008506791128,335494
0.6431372549019608,0.6705882352941176,0.6470588235294118,373.000711442397,614091
0.6627450980392157,0.6549019607843137,0.6235294117647059,460.00087738204456,142766
0.6352941176470588,0.6274509803921569,0.6745098039215687,949.001810077305,1043076
0.6823529411764706,0.6352941176470588,0.6745098039215687,1394.0026588490655,1012270
0.6392156862745098,0.6784313725490196,0.6666666666666666,541.0010318775785,472720
0.6588235294117647,0.6823529411764706,0.6784313725490196,554.001056673158,535221
0.1450980392156863,0.13725490196078433,0.20392156862745098,335.0006389630107,326196
0.1568627450980392,0.1450980392156863,0.18823529411764706,47.00008964555673,423523
0.1450980392156863,0.1843137254901961,0.21568627450980393,1624.0030975400878,158099
0.1607843137254902,0.1803921568627451,0.20392156862745098,1891.003606803144,254306
0.15294117647058825,0.15294117647058825,0.24313725490196078,25.00004768380677,870852
0.1607843137254902,0.1411764705882353,0.23529411764705882,10.000019073522708,875968
0.12941176470588237,0.17647058823529413,0.23921568627450981,759.0014476803735,500279
0.1568627450980392,0.1843137254901961,0.2235294117647059,354.00067520270386,374251
0.38823529411764707,0.25098039215686274,0.20784313725490197,404.0007705703174,931400
0.43137254901960786,0.25098039215686274,0.21568627450980393,150.00028610284062,973935
0.3843137254901961,0.2901960784313726,0.20784313725490197,602.001148226067,270614
0.4117647058823529,0.2980392156862745,0.19607843137254902,232.00044250572682,767674
0.3764705882352941,0.25882352941176473,0.2196078431372549,1171.002233509509,952896
0.4117647058823529,0.25882352941176473,0.23529411764705882,430.00082016147644,983640
0.403921568627451,0.2901960784313726,0.2196078431372549,1405.0026798299405,748942
0.4196078431372549,0.30980392156862746,0.2235294117647059,600.0011444113625,716151
0.5254901960784314,0.5686274509803921,0.3764705882352941,389.00074196003334,284860
0.5411764705882353,0.5686274509803921,0.3803921568627451,754.0014381436122,253141
0.5568627450980392,0.592156862745098,0.403921568627451,4.000007629409083,259280
0.5215686274509804,0.5686274509803921,0.43137254901960786,702.0013389612941,346265
0.5490196078431373,0.5686274509803921,0.42745098039215684,3050.005817424426,418962
0.5529411764705883,0.592156862745098,0.43529411764705883,77.00014686612485,301259
0.0196078431372549,0.0196078431372549,0.027450980392156862,312.0005950939085,203147
0.03137254901960784,0.0196078431372549,0.0196078431372549,460.00087738204456,667377
0.058823529411764705,0.03529411764705882,0.027450980392156862,1292.0024642991339,840401
0.0196078431372549,0.027450980392156862,0.047058823529411764,437.00083351294234,339296
0.03529411764705882,0.027450980392156862,0.0392156862745098,78.00014877347712,187804
0.0196078431372549,0.03529411764705882,0.058823529411764705,104.00019836463616,197013
0.050980392156862744,0.050980392156862744,0.054901960784313725,2284.0043563925865,446822
0.5176470588235295,0.5843137254901961,0.6274509803921569,782.0014915494758,260594
0.5529411764705883,0.5647058823529412,0.6352941176470588,472.0009002702718,815662
0.5215686274509804,0.596078431372549,0.6313725490196078,514.0009803790672,282068
0.5450980392156862,0.611764705882353,0.6313725490196078,581.0011081716693,566963
0.5215686274509804,0.5764705882352941,0.6588235294117647,216.0004119880905,970494
0.5490196078431373,0.5843137254901961,0.6549019607843137,157.00029945430651,980712
0.5176470588235295,0.6196078431372549,0.6784313725490196,648.0012359642715,220699
0.5450980392156862,0.6,0.6705882352941176,1596.0030441342242,959246
0.3215686274509804,0.20784313725490197,0.12549019607843137,616.0011749289988,796324
0.34509803921568627,0.21176470588235294,0.13333333333333333,300.00057220568124,154876
0.33725490196078434,0.2196078431372549,0.1450980392156863,99.00018882787481,758454
0.3568627450980392,0.24313725490196078,0.15294117647058825,171.0003261572383,742058
0.3137254901960784,0.18823529411764706,0.16470588235294117,1393.0026569417132,942558
0.34509803921568627,0.20784313725490197,0.17254901960784313,692.0013198877714,923424
0.33725490196078434,0.24705882352941178,0.1843137254901961,1318.002513890293,756115
0.3568627450980392,0.2235294117647059,0.1843137254901961,324.00061798213574,942727
0.4470588235294118,0.3411764705882353,0.2784313725490196,539.001028062874,542968
0.4980392156862745,0.3176470588235294,0.2784313725490196,82.0001564028862,1033414
0.45098039215686275,0.3568627450980392,0.2549019607843137,1642.0031318724286,36899
0.47843137254901963,0.36470588235294116,0.25882352941176473,697.0013294245327,705881
0.4588235294117647,0.3176470588235294,0.30980392156862746,446.0008506791128,982664
0.4745098039215686,0.32941176470588235,0.2901960784313726,332.0006332409539,951831
0.4627450980392157,0.35294117647058826,0.28627450980392155,625.0011920951692,582925
0.47058823529411764,0.34901960784313724,0.28627450980392155,450.00085830852186,905635
0.5725490196078431,0.3764705882352941,0.3137254901960784,788.0015029935894,890918
0.592156862745098,0.396078431372549,0.3215686274509804,895.0017070802824,1044527
0.5607843137254902,0.40784313725490196,0.3176470588235294,36.00006866468175,191777
0.6,0.4117647058823529,0.3333333333333333,256.0004882821813,1028113
0.5764705882352941,0.39215686274509803,0.3686274509803922,923.0017604861459,981270
0.6078431372549019,0.4,0.34509803921568627,438.0008354202946,882711
0.5764705882352941,0.40784313725490196,0.37254901960784315,239.00045585719272,1025290
0.6,0.4196078431372549,0.37254901960784315,1177.0022449536227,943110
0.3411764705882353,0.403921568627451,0.2627450980392157,138.00026321461337,362162
0.35294117647058826,0.4,0.2549019607843137,1287.0024547623725,540765
0.33725490196078434,0.43137254901960786,0.25882352941176473,694.0013237024759,56779
0.34509803921568627,0.43137254901960786,0.25882352941176473,2398.0045738307454,44475
0.3137254901960784,0.403921568627451,0.30980392156862746,18.000034332340874,532187
0.36470588235294116,0.396078431372549,0.28627450980392155,31.000059127920395,588524
0.3411764705882353,0.41568627450980394,0.2823529411764706,26.00004959115904,522976
0.37254901960784315,0.40784313725490196,0.2823529411764706,97.00018501317027,623347
0.5764705882352941,0.5725490196078431,0.403921568627451,444.00084686440823,368290
0.6196078431372549,0.5647058823529412,0.4,1436.0027389578609,42318
0.5686274509803921,0.592156862745098,0.3803921568627451,103.00019645728389,226504
0.6196078431372549,0.592156862745098,0.396078431372549,290.00055313215853,183512
0.5647058823529412,0.5725490196078431,0.43529411764705883,544.0010375996353,412886
0.6196078431372549,0.5607843137254902,0.4117647058823529,288.000549317454,48454
0.5764705882352941,0.592156862745098,0.41568627450980394,569.0010852834421,232678
0.6,0.6,0.43137254901960786,893.0017032655778,213234
0.21176470588235294,0.18823529411764706,0.15294117647058825,20.000038147045416,419089
0.24705882352941178,0.18823529411764706,0.14901960784313725,488.00093078790815,561434
0.2,0.23921568627450981,0.1411764705882353,8.000015258818166,557794
0.2235294117647059,0.23921568627450981,0.1450980392156863,9.000017166170437,597742
0.20392156862745098,0.19607843137254902,0.1843137254901961,856.0016326935438,388391
0.23529411764705882,0.19607843137254902,0.1607843137254902,3060.0058364979486,537877
0.19215686274509805,0.23921568627450981,0.1607843137254902,15.000028610284062,463553
0.22745098039215686,0.24705882352941178,0.17254901960784313,73.00013923671577,528090
0.25098039215686274,0.20784313725490197,0.19215686274509805,323.00061607478347,323842
0.28627450980392155,0.21176470588235294,0.20784313725490197,152.00028991754516,337184
0.2549019607843137,0.23137254901960785,0.21176470588235294,1570.0029945430651,434516
0.28627450980392155,0.2235294117647059,0.18823529411764706,1507.002874379872,543018
0.2784313725490196,0.21568627450980393,0.24705882352941178,55.00010490437489,941777
0.2980392156862745,0.20784313725490197,0.23529411764705882,64.00012207054533,937724
0.2784313725490196,0.23529411764705882,0.2196078431372549,671.0012798333737,619039
0.28627450980392155,0.24705882352941178,0.22745098039215686,181.000345230761,369960
0.3803921568627451,0.403921568627451,0.25882352941176473,74.00014114406804,542767
0.4235294117647059,0.3843137254901961,0.27058823529411763,25.00004768380677,678588
0.3803921568627451,0.4196078431372549,0.26666666666666666,2539.0048427674155,545950
0.41568627450980394,0.42745098039215684,0.2627450980392157,352.0006713879993,506067
0.403921568627451,0.3803921568627451,0.30980392156862746,44.000083923499915,648809
0.42745098039215684,0.3843137254901961,0.29411764705882354,180.00034332340874,708228
0.4,0.43529411764705883,0.30196078431372547,1174.002239231566,509963
0.40784313725490196,0.41568627450980394,0.30196078431372547,102.00019454993162,396957
0.18823529411764706,0.2784313725490196,0.18823529411764706,23.000043869102228,140899
0.22745098039215686,0.25098039215686274,0.21568627450980393,28.000053405863582,627408
0.19215686274509805,0.3058823529411765,0.19215686274509805,3677.0070133342997,186016
0.2196078431372549,0.30196078431372547,0.2,544.0010375996353,468682
0.20784313725490197,0.25882352941176473,0.24313725490196078,11.000020980874979,413953
0.24705882352941178,0.25098039215686274,0.23921568627450981,114.00021743815887,184765
0.2,0.28627450980392155,0.22745098039215686,11.000020980874979,551657
0.24705882352941178,0.3058823529411765,0.22745098039215686,53.00010108967035,561892
0.21176470588235294,0.12549019607843137,0.09019607843137255,355.00067711005613,903808
0.23921568627450981,0.12941176470588237,0.09019607843137255,555.0010585805103,904824
0.21176470588235294,0.17647058823529413,0.08235294117647059,2.0000038147045416,834972
0.24313725490196078,0.1607843137254902,0.09019607843137255,40.00007629409083,781996
0.2,0.1450980392156863,0.10588235294117647,1799.0034313267352,744883
0.23529411764705882,0.13333333333333333,0.09803921568627451,515.0009822864195,922243
0.19607843137254902,0.1568627450980392,0.12156862745098039,452.0008621232264,663249
0.24705882352941178,0.1803921568627451,0.12156862745098039,719.0013713862827,768473
0.1568627450980392,0.25098039215686274,0.1607843137254902,4619.008810060139,260907
0.1803921568627451,0.2627450980392157,0.16862745098039217,1181.0022525830318,259897
0.1568627450980392,0.2784313725490196,0.1607843137254902,2265.0043201528933,152418
0.17647058823529413,0.26666666666666666,0.16862745098039217,2599.004957208552,285494
0.1568627450980392,0.2549019607843137,0.17647058823529413,1386.0026435902473,99961
0.17254901960784313,0.2627450980392157,0.1843137254901961,74.00014114406804,127616
0.16862745098039217,0.27058823529411763,0.17254901960784313,3209.006120693437,218950
0.17254901960784313,0.27450980392156865,0.1803921568627451,2346.0044746484273,215869
0.5607843137254902,0.4,0.396078431372549,628.0011978172261,952527
0.6196078431372549,0.38823529411764707,0.39215686274509803,52.00009918231808,907426
0.5686274509803921,0.4196078431372549,0.396078431372549,1234.0023536727022,987400
0.6,0.4196078431372549,0.3843137254901961,1090.0020790139752,1029214
0.5647058823529412,0.403921568627451,0.43529411764705883,87.00016593964756,914581
0.6039215686274509,0.396078431372549,0.4196078431372549,9.000017166170437,918923
0.5803921568627451,0.42745098039215684,0.4235294117647059,934.0017814670209,955620
0.6,0.43137254901960786,0.4196078431372549,380.0007247938629,984296
0.19607843137254902,0.25098039215686274,0.32941176470588235,934.0017814670209,490037
0.23137254901960785,0.27450980392156865,0.32941176470588235,689.0013141657146,357844
0.21568627450980393,0.2823529411764706,0.33725490196078434,96.000183105818,567911
0.2196078431372549,0.2823529411764706,0.32941176470588235,550.0010490437489,556616
0.2,0.26666666666666666,0.37254901960784315,547.0010433216921,414216
0.23137254901960785,0.26666666666666666,0.34509803921568627,224.00042724690866,423530
0.21568627450980393,0.29411764705882354,0.36470588235294116,338.0006446850675,168390
0.22745098039215686,0.2901960784313726,0.3607843137254902,889.0016956361687,340489
0.21568627450980393,0.3254901960784314,0.09019607843137255,16.000030517636333,459771
0.2235294117647059,0.3254901960784314,0.09019607843137255,8.000015258818166,513021
0.21568627450980393,0.3137254901960784,0.09411764705882353,102.00019454993162,488400
0.23529411764705882,0.33725490196078434,0.11764705882352941,2598.0049553011995,419792
0.23137254901960785,0.34509803921568627,0.11372549019607843,1377.0026264240769,428012
0.32941176470588235,0.21568627450980393,0.19215686274509805,684.0013046289532,939538
0.3607843137254902,0.19215686274509805,0.20784313725490197,350.0006675732948,926913
0.3215686274509804,0.24313725490196078,0.19215686274509805,904.0017242464528,655744
0.3568627450980392,0.2235294117647059,0.2,1497.0028553063494,947859
0.32941176470588235,0.21176470588235294,0.23921568627450981,99.00018882787481,938718
0.34901960784313724,0.21176470588235294,0.2235294117647059,57.000108719079435,925098
0.3411764705882353,0.22745098039215686,0.2235294117647059,124.00023651168158,904331
0.35294117647058826,0.24313725490196078,0.24705882352941178,377.0007190718061,910866
0.403921568627451,0.4588235294117647,0.3137254901960784,61.00011634848852,374856
0.4235294117647059,0.4588235294117647,0.3254901960784314,1673.003191000349,484364
0.4,0.47058823529411764,0.32941176470588235,26.00004959115904,606465
0.43137254901960786,0.47058823529411764,0.3254901960784314,2210.0042152485184,494625
0.396078431372549,0.4627450980392157,0.35294117647058826,13.00002479557952,676570
0.42745098039215684,0.4666666666666667,0.34901960784313724,28.000053405863582,407201
0.4,0.4823529411764706,0.36470588235294116,8.000015258818166,459455
0.43529411764705883,0.47843137254901963,0.34509803921568627,27.00005149851131,469012
0.5137254901960784,0.5019607843137255,0.27450980392156865,385.00073433062425,180319
0.5411764705882353,0.5137254901960784,0.2549019607843137,46.000087738204456,769801
0.5098039215686274,0.5294117647058824,0.2784313725490196,57.000108719079435,214171
0.5372549019607843,0.5333333333333333,0.2549019607843137,10.000019073522708,884610
0.5098039215686274,0.5058823529411764,0.28627450980392155,730.0013923671577,31093
0.5568627450980392,0.5176470588235295,0.30196078431372547,1454.0027732902017,151598
0.5137254901960784,0.5411764705882353,0.2980392156862745,422.0008049026583,230581
0.5333333333333333,0.5529411764705883,0.30980392156862746,841.0016040832597,225461
0.5803921568627451,0.45098039215686275,0.32941176470588235,1011.0019283331458,883298
0.592156862745098,0.4666666666666667,0.3176470588235294,38.00007247938629,775795
0.5647058823529412,0.47058823529411764,0.3254901960784314,799.0015239744644,72773
0.596078431372549,0.4823529411764706,0.3215686274509804,108.00020599404525,154880
0.5882352941176471,0.4666666666666667,0.34901960784313724,285.0005435953972,756074
0.6078431372549019,0.4470588235294118,0.37254901960784315,35.00006675732948,851980
0.5843137254901961,0.4980392156862745,0.3607843137254902,1064.0020294228161,755314
0.6,0.4980392156862745,0.34901960784313724,590.0011253378398,769651
0.6313725490196078,0.4392156862745098,0.3803921568627451,1056.002014163998,925727
0.6588235294117647,0.4627450980392157,0.3843137254901961,262.00049972629495,960644
0.6235294117647059,0.47843137254901963,0.3843137254901961,47.00008964555673,850969
0.6588235294117647,0.47843137254901963,0.403921568627451,337.00064277771526,1040388
0.6352941176470588,0.4666666666666667,0.4235294117647059,881.0016803773506,864278
0.6549019607843137,0.4549019607843137,0.4196078431372549,63.00012016319306,991415
0.6431372549019608,0.47843137254901963,0.42745098039215684,553.0010547658057,960677
0.6705882352941176,0.47058823529411764,0.4117647058823529,709.00135231276,952427
0.6274509803921569,0.5215686274509804,0.4627450980392157,159.00030326901106,957624
0.6784313725490196,0.5058823529411764,0.44313725490196076,510.0009727496581,1024006
0.6274509803921569,0.5333333333333333,0.4627450980392157,1441.0027484946222,919030
0.6784313725490196,0.5372549019607843,0.4666666666666667,39.00007438673856,857737
0.6470588235294118,0.5098039215686274,0.49411764705882355,461.00087928939683,977141
0.6745098039215687,0.5176470588235295,0.47058823529411764,904.0017242464528,1028455
0.6235294117647059,0.5294117647058824,0.49411764705882355,135.00025749255656,809008
0.6705882352941176,0.5294117647058824,0.4745098039215686,258.00049209688586,1014101
0.06666666666666667,0.07450980392156863,0.12941176470588237,84.00016021759075,826653
0.10980392156862745,0.08627450980392157,0.12549019607843137,22.000041961749957,862610
0.08235294117647059,0.09803921568627451,0.12549019607843137,559.0010662099194,588351
0.12156862745098039,0.12156862745098039,0.14901960784313725,2848.005432139267,202192
0.0784313725490196,0.06666666666666667,0.16470588235294117,2.0000038147045416,861633
0.12156862745098039,0.09019607843137255,0.1803921568627451,5.000009536761354,876993
0.07450980392156863,0.09803921568627451,0.1607843137254902,131.00024986314747,339472
0.10588235294117647,0.11764705882352941,0.17647058823529413,198.00037765574962,867864
0.4666666666666667,0.39215686274509803,0.2627450980392157,433.00082588353325,67606
0.47843137254901963,0.3803921568627451,0.27450980392156865,1388.0026474049519,38962
0.4666666666666667,0.4117647058823529,0.25098039215686274,10.000019073522708,99329
0.4823529411764706,0.4235294117647059,0.26666666666666666,465.0008869188059,90112
0.4666666666666667,0.38823529411764707,0.28627450980392155,415.0007915511924,711319
0.48627450980392156,0.4,0.29411764705882354,885.0016880067597,743028
0.4392156862745098,0.42745098039215684,0.28627450980392155,53.00010108967035,588506
0.49411764705882355,0.42745098039215684,0.2823529411764706,198.00037765574962,78849
0.25882352941176473,0.34509803921568627,0.1568627450980392,2283.004354485234,700286
0.27450980392156865,0.3568627450980392,0.1607843137254902,2946.0056190597898,739192
0.2549019607843137,0.3607843137254902,0.1607843137254902,908.0017318758619,372668
0.27450980392156865,0.36470588235294116,0.1568627450980392,4119.007856384003,842604
0.25098039215686274,0.34509803921568627,0.1803921568627451,878.0016746552938,255991
0.2784313725490196,0.34901960784313724,0.1803921568627451,1508.0028762872244,681763
0.25882352941176473,0.36470588235294116,0.1803921568627451,615.0011730216465,353160
0.26666666666666666,0.3607843137254902,0.17647058823529413,1968.003753669269,728815
0.16470588235294117,0.28627450980392155,0.1568627450980392,3465.0066089756183,84956
0.17647058823529413,0.2901960784313726,0.1568627450980392,1899.0036220619622,369424
0.1607843137254902,0.2980392156862745,0.16470588235294117,1901.0036258766668,70552
0.1803921568627451,0.30196078431372547,0.1607843137254902,2403.0045833675067,168896
0.1607843137254902,0.2901960784313726,0.17254901960784313,1396.00266266377,94020
0.1843137254901961,0.29411764705882354,0.17254901960784313,2320.0044250572682,209578
0.16862745098039217,0.2980392156862745,0.17647058823529413,842.001605990612,92996
0.17647058823529413,0.30980392156862746,0.17254901960784313,884.0016860994074,86978
0.26666666666666666,0.27058823529411763,0.27058823529411763,931.0017757449641,423367
0.3058823529411765,0.27450980392156865,0.25098039215686274,399.00076103355605,669305
0.2784313725490196,0.2823529411764706,0.27058823529411763,109.00020790139752,434649
0.30980392156862746,0.29411764705882354,0.2549019607843137,433.00082588353325,454935
0.27058823529411763,0.27058823529411763,0.28627450980392155,584.0011138937261,801322
0.28627450980392155,0.2784313725490196,0.30196078431372547,94.00017929111345,277843
0.2784313725490196,0.2980392156862745,0.30196078431372547,577.0011005422602,344477
0.28627450980392155,0.2980392156862745,0.3058823529411765,634.0012092613397,151920
0.5686274509803921,0.6274509803921569,0.6431372549019608,313.00059700126076,140749
0.6039215686274509,0.6431372549019608,0.6392156862745098,486.0009269732036,494264
0.5725490196078431,0.6627450980392157,0.6431372549019608,10.000019073522708,126427
0.611764705882353,0.6745098039215687,0.6352941176470588,262.00049972629495,605368
0.5882352941176471,0.6274509803921569,0.6588235294117647,1187.0022640271454,812538
0.6078431372549019,0.6274509803921569,0.6784313725490196,855.0016307861915,936249
0.5843137254901961,0.6666666666666666,0.6784313725490196,152.00028991754516,598175
0.6,0.6627450980392157,0.6627450980392157,474.00090408497636,583804
0.7843137254901961,0.6745098039215687,0.5529411764705883,79.00015068082939,838240
0.8196078431372549,0.6470588235294118,0.5058823529411764,9.000017166170437,855682
0.7803921568627451,0.7098039215686275,0.5411764705882353,7.0000133514658955,226658
0.8274509803921568,0.6941176470588235,0.5450980392156862,7.0000133514658955,877393
0.788235294117647,0.6431372549019608,0.6078431372549019,594.0011329672489,967859
0.8235294117647058,0.6431372549019608,0.596078431372549,62.00011825584079,959615
0.7607843137254902,0.6941176470588235,0.6078431372549019,148.00028228813608,741725
0.8509803921568627,0.6862745098039216,0.6196078431372549,28.000053405863582,1046718
