r,g,b,weight,source_index
120.0,120.0,128.0,215.00037241023327,157722
118.0,134.0,167.0,279.00048326723294,195265
217.0,57.0,67.0,123.00021305329624,383440
146.0,192.0,83.0,28.000048499937357,191443
29.0,32.0,39.0,301.0005213743266,135959
109.0,30.0,33.0,105.00018187476508,287984
252.0,191.0,196.0,25.000043303515497,786093
186.0,203.0,211.0,68.00011778556215,102475
76.0,84.0,97.0,440.0007621418727,91665
119.0,76.0,103.0,180.00031178531157,218713
82.0,96.0,109.0,478.0008279632163,96647
11.0,10.0,24.0,514.0008903202786,147823
30.0,12.0,24.0,2376.004115566113,219784
13.0,31.0,17.0,257.0004451601393,1540286
118.0,160.0,86.0,104.00018014262446,1298067
95.0,129.0,96.0,31.000053696359213,1622197
123.0,161.0,102.0,467.00080890966944,1388069
194.0,30.0,39.0,115.00019919617128,382459
238.0,17.0,35.0,90.00015589265578,798714
224.0,48.0,33.0,247.0004278387331,617991
63.0,96.0,15.0,9.000015589265578,279607
63.0,97.0,46.0,26.000045035656115,1607445
132.0,165.0,84.0,349.00060451707634,868590
232.0,78.0,76.0,632.0010947128717,266515
200.0,90.0,99.0,13.000022517828057,567947
251.0,90.0,96.0,14.000024249968678,250927
128.0,71.0,114.0,132.0002286425618,210957
174.0,90.0,103.0,9.000015589265578,251575
195.0,199.0,162.0,484.00083835606,332234
111.0,11.0,19.0,295.0005109814829,316096
120.0,14.0,16.0,1212.0020993544313,300294
96.0,27.0,22.0,1665.002884014132,278382
36.0,58.0,12.0,2187.0037881915355,809838
56.0,63.0,12.0,1602.002774889273,3487
142.0,4.0,20.0,2125.003680798817,527775
153.0,5.0,27.0,1216.0021062829937,384414
193.0,136.0,177.0,27.000046767796736,209989
225.0,159.0,160.0,5.000008660703099,516512
203.0,181.0,167.0,337.0005837313889,284875
221.0,197.0,75.0,195.00033776742086,1228422
255.0,229.0,91.0,107.00018533904633,680945
255.0,224.0,112.0,354.0006131777794,1241330
36.0,0.0,28.0,1798.0031143888345,213938
50.0,0.0,31.0,240.00041571374877,242422
53.0,22.0,28.0,1427.0024717646645,258231
82.0,77.0,48.0,2462.004264530206,1675758
98.0,57.0,27.0,2537.0043944407525,657164
126.0,59.0,17.0,2381.0041242268157,483078
162.0,11.0,18.0,338.0005854635295,627817
181.0,12.0,19.0,255.00044169585806,726611
164.0,28.0,16.0,2143.0037119773483,1489672
177.0,18.0,22.0,1038.0017979619633,383449
79.0,112.0,67.0,125.00021651757748,1667592
77.0,100.0,82.0,280.00048499937355,1359293
79.0,112.0,81.0,22.000038107093637,1336600
8.0,7.0,5.0,7408.012831697712,130746
4.0,3.0,8.0,831.001439408855,133371
8.0,7.0,12.0,1105.001914015385,169598
7.0,11.0,14.0,326.0005646778421,139100
174.0,40.0,31.0,2058.0035647453956,780559
186.0,46.0,29.0,1670.002892674835,694595
185.0,50.0,21.0,2016.0034919954896,726316
70.0,14.0,17.0,119.00020612473377,290443
85.0,15.0,17.0,152.00026328537422,317016
74.0,23.0,30.0,1211.0020976222906,278243
81.0,28.0,22.0,1185.0020525866346,335734
69.0,61.0,15.0,2220.003845352176,618435
74.0,45.0,27.0,2538.004396172893,612982
82.0,33.0,18.0,2509.0043459408153,424579
63.0,38.0,42.0,2001.0034660133804,213360
43.0,41.0,55.0,295.0005109814829,145853
57.0,34.0,50.0,167.0002892674835,217700
44.0,52.0,54.0,258.0004468922799,176783
194.0,68.0,30.0,1887.0032685493495,1352107
214.0,69.0,16.0,1093.0018932296975,1354184
195.0,94.0,16.0,2314.004008173394,556171
217.0,81.0,23.0,1418.002456175399,763555
114.0,138.0,78.0,779.0013493375428,893283
110.0,150.0,77.0,346.0005993206545,1265455
125.0,153.0,78.0,372.0006443563106,1030236
108.0,144.0,83.0,1272.0022032828683,1560449
31.0,16.0,0.0,4462.007728811445,1348648
21.0,24.0,5.0,6782.011747377684,23695
28.0,27.0,7.0,4544.007870846976,1296488
24.0,19.0,13.0,5524.0095683447835,1729331
175.0,64.0,18.0,2308.0039977805504,1467504
172.0,87.0,22.0,1436.00248735393,1052393
182.0,89.0,19.0,2153.0037292987545,1442790
138.0,142.0,0.0,171.00029619604598,5429
131.0,161.0,31.0,14.000024249968678,165711
190.0,162.0,16.0,64.00011085699967,1234421
157.0,131.0,54.0,610.0010566057781,351672
158.0,165.0,33.0,24.000041571374876,4451
191.0,163.0,37.0,151.0002615532336,1703034
124.0,100.0,72.0,1468.0025427824298,390934
116.0,120.0,69.0,1485.0025722288206,646590
114.0,109.0,89.0,825.0014290160113,269714
114.0,113.0,95.0,2098.0036340310203,1690116
131.0,72.0,16.0,1790.0031005317094,1397341
147.0,70.0,24.0,1909.0033066564433,362135
130.0,85.0,26.0,1902.003294531459,402302
156.0,92.0,21.0,1312.0022725684933,377770
46.0,65.0,37.0,1058.0018326047757,1689849
47.0,83.0,37.0,1.0000017321406198,978193
47.0,65.0,51.0,64.00011085699967,1509659
47.0,84.0,50.0,1.0000017321406198,1462693
57.0,82.0,53.0,2493.0043182265654,1676454
138.0,150.0,164.0,195.00033776742086,109428
187.0,146.0,160.0,40.00006928562479,280186
155.0,163.0,165.0,165.00028580320227,176636
169.0,168.0,174.0,437.00075694545086,174525
13.0,34.0,0.0,267.00046248154547,272750
26.0,51.0,11.0,422.00073096334154,1694953
15.0,33.0,21.0,4.000006928562479,1539298
29.0,48.0,18.0,273.00047287438923,990019
73.0,107.0,47.0,1586.002747175023,1576825
87.0,106.0,42.0,1853.0032096565685,912036
79.0,113.0,37.0,79.00013683910896,1602483
81.0,115.0,39.0,968.00167671212,1614335
77.0,112.0,48.0,110.00019053546818,1657775
102.0,85.0,3.0,533.0009232309503,339889
125.0,80.0,0.0,1486.0025739609612,955615
112.0,71.0,17.0,2425.004200441003,1189573
107.0,82.0,16.0,932.0016143550577,1288719
119.0,81.0,19.0,1879.0032546922246,370810
193.0,96.0,27.0,1187.0020560509158,1532638
213.0,104.0,22.0,1244.002154782931,445324
201.0,127.0,22.0,987.0017096227917,572000
212.0,118.0,22.0,647.0011206949811,525585
167.0,80.0,37.0,1487.0025756931018,639342
182.0,85.0,34.0,2198.0038072450825,467055
167.0,75.0,50.0,1593.0027593000075,1011257
185.0,65.0,49.0,2487.0043078337217,1362020
163.0,86.0,60.0,1558.0026986750856,1110882
181.0,83.0,54.0,2270.003931959207,847700
219.0,196.0,22.0,101.0001749462026,1231739
255.0,227.0,12.0,8.000013857124959,556197
219.0,199.0,38.0,101.0001749462026,1233718
255.0,227.0,41.0,23.000039839234255,559162
79.0,75.0,64.0,1320.0022864256182,34880
80.0,76.0,67.0,1097.00190015826,72488
68.0,67.0,85.0,413.000715374076,106438
93.0,78.0,81.0,33.00005716064045,255446
72.0,83.0,85.0,475.00082276679444,91647
93.0,94.0,80.0,667.0011553377934,199811
211.0,43.0,4.0,1702.002948103335,709625
211.0,54.0,1.0,2270.003931959207,1017529
194.0,46.0,16.0,1180.0020439259315,412225
217.0,36.0,25.0,544.0009422844972,734177
205.0,62.0,28.0,1182.0020473902127,1373920
219.0,54.0,26.0,676.001170927059,614019
220.0,1.0,0.0,1433.0024821575082,1466870
216.0,30.0,7.0,1899.0032893350372,516440
203.0,8.0,16.0,1016.0017598548698,761190
209.0,5.0,17.0,742.0012852483399,782925
202.0,20.0,16.0,655.001134552106,1515171
220.0,26.0,26.0,289.0005005886391,747023
195.0,72.0,41.0,2030.0035162454583,1342245
218.0,78.0,45.0,815.0014116946052,419118
200.0,82.0,34.0,2275.0039406199103,914518
213.0,93.0,43.0,1386.0024007468992,540305
198.0,77.0,50.0,2508.0043442086744,814919
222.0,74.0,62.0,444.0007690704352,256860
215.0,85.0,53.0,1742.0030173889597,1288919
169.0,123.0,3.0,993.0017200156354,1641768
169.0,106.0,27.0,1120.0019399974942,1305266
177.0,107.0,19.0,1144.001981568869,1719837
160.0,125.0,23.0,731.0012661947931,1173647
188.0,123.0,19.0,1093.0018932296975,1248986
220.0,104.0,79.0,2227.00385747716,1305682
204.0,116.0,78.0,1827.0031646209125,948069
208.0,122.0,65.0,1544.002674425117,1287984
205.0,110.0,82.0,1101.0019070868225,943453
217.0,101.0,86.0,795.0013770517928,435486
195.0,119.0,95.0,2234.0038696021447,920745
223.0,115.0,86.0,2031.003517977599,566503
110.0,144.0,107.0,485.0008400882006,1618237
108.0,138.0,112.0,425.00073615976345,1296060
115.0,141.0,112.0,1047.001813551229,1308910
110.0,147.0,116.0,24.000041571374876,1434485
127.0,155.0,115.0,1383.0023955504773,1188279
200.0,105.0,39.0,2469.0042766551906,486885
219.0,106.0,46.0,1856.0032148529904,749725
194.0,120.0,45.0,859.0014879087925,615919
219.0,121.0,32.0,802.0013891767771,479639
222.0,108.0,48.0,1701.0029463711944,1296809
198.0,119.0,63.0,1384.002397282618,1505966
209.0,113.0,53.0,1269.0021980864465,956025
101.0,77.0,33.0,2200.0038107093637,1143673
114.0,72.0,34.0,1640.0028407106165,508083
111.0,83.0,46.0,1698.0029411747726,317547
112.0,84.0,36.0,1968.0034088527398,902431
106.0,79.0,60.0,848.0014688552457,212282
125.0,79.0,56.0,676.001170927059,301652
98.0,94.0,57.0,2288.003963137738,552828
127.0,88.0,57.0,1493.0025860859455,346270
199.0,141.0,7.0,2333.004041084066,1532428
207.0,157.0,0.0,1171.0020283366657,1226425
199.0,132.0,27.0,1018.001763319151,1293429
223.0,139.0,23.0,773.0013389446991,1483362
205.0,158.0,26.0,309.0005352314515,1288636
208.0,152.0,31.0,743.0012869804806,1565024
252.0,134.0,8.0,1789.0030987995688,660364
253.0,154.0,0.0,1890.0032737457714,446426
235.0,134.0,18.0,558.0009665344659,410194
243.0,140.0,22.0,457.00079158826327,640544
228.0,158.0,28.0,646.0011189628405,598974
245.0,157.0,24.0,574.0009942487158,597003
200.0,173.0,102.0,1671.0028944069757,919002
221.0,168.0,102.0,1150.0019919617127,572566
204.0,180.0,106.0,657.0011380163872,921966
214.0,185.0,107.0,1916.0033187814277,642828
205.0,175.0,115.0,1183.0020491223534,541345
213.0,174.0,119.0,717.0012419448244,469865
204.0,176.0,113.0,1968.0034088527398,791308
219.0,180.0,123.0,2387.0041346196595,534414
173.0,45.0,36.0,1464.0025358538674,755884
188.0,39.0,32.0,1558.0026986750856,445844
172.0,42.0,54.0,134.00023210684304,284180
179.0,42.0,50.0,462.00080024896636,776615
168.0,54.0,54.0,621.0010756593249,284303
190.0,58.0,53.0,1092.001891497557,376206
133.0,75.0,35.0,1646.0028511034602,638661
150.0,77.0,36.0,2036.003526638302,1313422
143.0,83.0,33.0,1490.0025808895236,561651
154.0,87.0,44.0,1212.0020993544313,883021
133.0,64.0,59.0,757.0013112304492,546806
153.0,66.0,56.0,1063.0018412654788,518556
134.0,89.0,50.0,1302.002255247087,341390
156.0,94.0,53.0,1086.0018811047132,1674394
95.0,134.0,27.0,8.000013857124959,193417
114.0,141.0,26.0,74.00012817840587,167685
124.0,164.0,31.0,5.000008660703099,164720
95.0,129.0,52.0,148.00025635681175,1585154
125.0,169.0,48.0,32.000055428499834,161784
235.0,203.0,142.0,2070.003585531083,453662
252.0,196.0,139.0,1056.0018291404945,320654
237.0,211.0,136.0,998.0017286763385,1016890
255.0,211.0,136.0,1393.0024128718835,443026
224.0,202.0,155.0,1003.0017373370417,373215
241.0,204.0,152.0,707.0012246234182,486656
237.0,216.0,159.0,1404.0024319254303,849547
246.0,216.0,152.0,1163.0020144795408,409755
248.0,160.0,0.0,1638.0028372463353,553565
230.0,178.0,6.0,1542.0026709608358,575315
242.0,180.0,11.0,1161.0020110152595,710490
227.0,175.0,29.0,592.001025427247,1192863
255.0,168.0,19.0,580.0010046415595,694186
230.0,188.0,24.0,376.0006512848731,1533405
240.0,181.0,19.0,423.0007326954822,709500
204.0,140.0,76.0,1165.002017943822,1373462
210.0,133.0,79.0,942.0016316764638,552626
205.0,155.0,70.0,1241.0021495865092,462681
208.0,153.0,73.0,953.0016507300107,1395350
207.0,129.0,93.0,1234.0021374615249,696749
216.0,139.0,87.0,1628.002819924929,945141
197.0,144.0,92.0,1251.0021669079154,1473380
222.0,146.0,94.0,889.001539873011,1484333
166.0,99.0,44.0,1013.0017546584479,333927
184.0,102.0,42.0,1450.0025116038987,1528707
164.0,120.0,47.0,996.0017252120573,387906
187.0,115.0,33.0,948.0016420693076,659641
175.0,109.0,59.0,1107.0019174796662,388883
189.0,107.0,49.0,1597.00276622857,463507
167.0,119.0,55.0,1194.0020681759001,545642
185.0,114.0,50.0,953.0016507300107,765383
64.0,71.0,3.0,597.0010340879501,46954
92.0,64.0,14.0,978.0016940335262,642004
77.0,82.0,15.0,219.00037933879574,916404
94.0,85.0,6.0,170.00029446390536,350754
86.0,68.0,20.0,2118.0036686738326,662732
75.0,80.0,16.0,1473.002551443133,960858
93.0,89.0,16.0,708.0012263555589,863058
246.0,110.0,11.0,66.0001143212809,669891
251.0,126.0,6.0,662.0011466770903,851147
226.0,104.0,31.0,794.0013753196522,1151312
243.0,101.0,25.0,90.00015589265578,559818
232.0,120.0,22.0,642.001112034278,667194
244.0,112.0,27.0,263.000455552983,547958
233.0,167.0,70.0,1324.0022933541807,1233101
255.0,167.0,67.0,774.0013406768397,747124
236.0,188.0,78.0,1108.0019192118068,1191866
255.0,179.0,69.0,1162.0020127474002,449727
238.0,162.0,86.0,1019.0017650512916,467134
255.0,173.0,88.0,711.0012315519807,815971
235.0,178.0,88.0,1275.0022084792902,460597
240.0,185.0,92.0,1482.0025670323985,594646
162.0,102.0,76.0,1034.0017910334009,507491
176.0,100.0,74.0,1939.0033586206619,423315
173.0,116.0,73.0,864.0014965694955,632421
177.0,125.0,65.0,1072.0018568547443,369348
170.0,110.0,86.0,507.00087819529426,367444
186.0,106.0,81.0,962.0016663192763,1560197
172.0,116.0,81.0,664.0011501413716,904675
186.0,116.0,90.0,996.0017252120573,290982
171.0,131.0,69.0,1360.002355711243,315726
184.0,139.0,72.0,1215.0021045508531,356489
170.0,150.0,77.0,312.0005404278734,388477
179.0,153.0,76.0,1108.0019192118068,822918
166.0,137.0,95.0,969.0016784442606,346446
180.0,137.0,84.0,861.0014913730737,371163
164.0,146.0,82.0,632.0010947128717,503182
187.0,159.0,85.0,1510.002615532336,325669
128.0,98.0,46.0,1392.002411139743,899364
155.0,101.0,41.0,1266.0021928900246,873395
140.0,119.0,36.0,236.00040878518627,606689
158.0,120.0,47.0,720.0012471412463,326366
132.0,104.0,54.0,1391.0024094076023,326601
154.0,109.0,50.0,1135.0019659796035,352956
130.0,113.0,59.0,624.0010808557467,1684295
147.0,120.0,49.0,1173.002031800947,422044
204.0,140.0,102.0,1211.0020976222906,1484233
213.0,132.0,111.0,1564.0027090679293,952009
198.0,147.0,102.0,807.0013978374802,459939
209.0,145.0,97.0,1251.0021669079154,1499034
197.0,132.0,112.0,718.001243676965,1546375
210.0,138.0,113.0,860.0014896409331,900749
197.0,152.0,123.0,532.0009214988097,591562
217.0,145.0,123.0,980.0016974978074,1054188
232.0,204.0,105.0,1048.0018152833695,798169
247.0,195.0,111.0,1546.0026778893982,1150361
227.0,209.0,99.0,188.00032564243654,1225477
255.0,215.0,110.0,525.0009093738254,980271
233.0,206.0,127.0,1921.0033274421307,954629
246.0,198.0,124.0,1395.0024163361647,1160457
237.0,212.0,120.0,321.000556017139,680368
240.0,214.0,117.0,971.0016819085419,975310
36.0,32.0,20.0,7776.01346912546,933079
45.0,39.0,23.0,1749.003029513944,859636
36.0,42.0,16.0,4177.007235151369,31245
44.0,44.0,20.0,3196.005535921421,1167998
35.0,38.0,27.0,5292.00916648816,1722497
41.0,39.0,27.0,1290.0022344613997,620120
39.0,43.0,28.0,3105.0053782966247,1553642
42.0,46.0,29.0,3863.006691259214,18012
227.0,160.0,105.0,780.0013510696834,667492
254.0,173.0,108.0,689.001193444887,1146427
231.0,181.0,96.0,1170.002026604525,1167891
243.0,189.0,101.0,1201.0020803008845,882983
237.0,175.0,126.0,734.0012713912149,789000
241.0,162.0,121.0,891.0015433372922,635384
229.0,177.0,119.0,988.0017113549324,584789
247.0,178.0,113.0,871.0015086944799,1134565
207.0,131.0,43.0,933.0016160871983,1162523
212.0,139.0,37.0,727.0012592662306,1190872
201.0,157.0,36.0,701.0012142305745,1288631
214.0,147.0,42.0,987.0017096227917,1076416
205.0,137.0,54.0,982.0017009620886,1039569
220.0,137.0,61.0,774.0013406768397,438649
202.0,148.0,50.0,854.0014792480894,1576896
216.0,152.0,52.0,1186.0020543187752,1491951
47.0,76.0,12.0,244.00042264231124,269745
63.0,72.0,9.0,649.0011241592623,688408
45.0,83.0,0.0,4.000006928562479,287522
60.0,87.0,10.0,112.00019399974943,279636
47.0,65.0,23.0,784.0013579982459,1539728
61.0,91.0,17.0,860.0014896409331,289505
133.0,141.0,104.0,1087.0018828368538,231041
155.0,138.0,110.0,674.0011674627777,537895
138.0,156.0,106.0,1434.0024838896488,1156831
144.0,146.0,109.0,545.0009440166378,37353
133.0,143.0,119.0,1044.001808354807,1005774
152.0,131.0,112.0,357.0006183742013,527248
133.0,157.0,121.0,1305.002260443509,1188278
157.0,156.0,112.0,603.0010444807938,1101703
97.0,99.0,34.0,465.0008054453882,1092922
125.0,104.0,37.0,640.0011085699966,408431
102.0,119.0,41.0,448.0007759989977,293562
116.0,125.0,46.0,108.00018707118694,41019
100.0,98.0,59.0,2170.003758745145,177517
116.0,110.0,62.0,1403.0024301932897,1160723
97.0,122.0,57.0,1272.0022032828683,938904
120.0,122.0,59.0,400.00069285624795,1178246
66.0,47.0,33.0,456.00078985612265,958591
90.0,43.0,35.0,587.0010167665438,1562400
66.0,59.0,40.0,2326.0040289590816,172149
80.0,48.0,33.0,1279.0022154078526,376636
69.0,45.0,59.0,320.0005542849983,235563
80.0,36.0,59.0,52.00009007131223,243453
74.0,54.0,63.0,1390.0024076754617,231478
82.0,62.0,51.0,337.0005837313889,1722106
128.0,34.0,32.0,1199.0020768366032,803623
156.0,43.0,35.0,1243.0021530507904,1408439
132.0,57.0,38.0,1611.0027904785386,722774
151.0,59.0,36.0,1868.0032356386778,489655
129.0,44.0,49.0,20.000034642812395,1438086
151.0,42.0,48.0,60.00010392843719,796364
141.0,61.0,54.0,282.0004884636548,737604
148.0,55.0,48.0,378.0006547491543,593551
131.0,97.0,69.0,1083.0018759082914,895445
144.0,97.0,69.0,818.001416891027,455937
129.0,120.0,65.0,1103.0019105511037,1343812
148.0,121.0,68.0,1164.0020162116814,1303444
142.0,110.0,87.0,426.00073789190407,534142
146.0,102.0,89.0,350.00060624921696,408491
135.0,122.0,87.0,914.0015831765265,1283899
151.0,122.0,82.0,749.0012973733243,885888
205.0,192.0,140.0,453.0007846597008,319019
217.0,210.0,140.0,166.0002875353429,929854
202.0,199.0,146.0,550.0009526773409,1473994
223.0,204.0,146.0,1668.0028892105538,808449
206.0,208.0,159.0,8.000013857124959,656834
221.0,211.0,149.0,283.0004901957954,810404
94.0,8.0,69.0,280.00048499937355,233511
97.0,13.0,75.0,149.00025808895236,233510
79.0,56.0,64.0,548.0009492130597,207072
114.0,37.0,91.0,342.00059239209196,237456
116.0,31.0,96.0,8.000013857124959,227620
116.0,43.0,99.0,222.0003845352176,223642
22.0,21.0,16.0,5543.009601255456,148013
31.0,17.0,17.0,2465.004269726628,235666
23.0,26.0,17.0,2435.004217762409,1708905
22.0,19.0,26.0,337.0005837313889,211418
24.0,21.0,30.0,156.0002702139367,155729
21.0,25.0,26.0,163.00028233892104,175799
29.0,25.0,24.0,1973.0034175134429,826807
0.0,18.0,0.0,1337.0023158720087,273682
7.0,24.0,0.0,107.00018533904633,1415744
15.0,31.0,0.0,1748.0030277818034,1693347
7.0,17.0,8.0,41.000071017765414,995160
15.0,16.0,10.0,6861.011884216793,1106302
7.0,24.0,8.0,2.0000034642812397,1730417
15.0,26.0,10.0,452.0007829275602,1602587
231.0,128.0,97.0,1025.0017754441353,1138444
255.0,128.0,99.0,623.0010791236061,335026
235.0,154.0,99.0,964.0016697835575,1121726
255.0,145.0,99.0,776.001344141121,648654
234.0,138.0,113.0,482.00083489177877,762238
255.0,128.0,123.0,413.000715374076,693636
236.0,147.0,113.0,939.001626480042,472844
240.0,149.0,120.0,729.0012627305118,283422
116.0,0.0,1.0,5211.00902618477,1536122
125.0,6.0,2.0,6812.011799341903,1618126
116.0,15.0,5.0,2054.003557816833,807520
124.0,13.0,6.0,2280.003949280613,262676
116.0,6.0,9.0,1059.0018343369163,670690
125.0,6.0,8.0,1811.0031369066626,367263
113.0,13.0,13.0,1800.0031178531158,327499
124.0,11.0,15.0,2393.004145012503,853993
204.0,164.0,68.0,556.0009630701846,795923
223.0,163.0,75.0,1048.0018152833695,481974
205.0,181.0,71.0,43.00007448204665,1283765
223.0,180.0,78.0,334.000578534967,971378
200.0,161.0,86.0,1437.0024890860707,667535
222.0,175.0,95.0,1237.0021426579467,643942
206.0,176.0,90.0,187.00032391029592,904221
219.0,183.0,86.0,793.0013735875115,672452
237.0,172.0,44.0,779.0013493375428,585143
248.0,171.0,39.0,668.001157069934,580615
228.0,184.0,33.0,393.00068073126357,884799
255.0,185.0,39.0,540.0009353559348,926720
225.0,161.0,53.0,1022.0017702477135,532073
255.0,175.0,51.0,767.0013285518554,646360
230.0,182.0,56.0,555.000961338044,1124653
248.0,179.0,49.0,716.0012402126838,653316
128.0,103.0,10.0,766.0013268197148,1610105
158.0,97.0,4.0,1670.002892674835,1524513
138.0,112.0,0.0,63.00010912485905,1066053
152.0,114.0,15.0,408.0007067133729,309886
132.0,97.0,29.0,767.0013285518554,369155
144.0,100.0,27.0,1184.002050854494,206185
129.0,114.0,23.0,125.00021651757748,1376526
156.0,113.0,21.0,389.0006738027011,891572
20.0,2.0,0.0,3193.005530724999,647804
25.0,0.0,0.0,2146.00371717377,699256
17.0,12.0,0.0,6402.011089164248,902443
26.0,8.0,0.0,3112.005390421609,1419432
20.0,0.0,11.0,1463.0025341217267,234614
27.0,6.0,15.0,358.0006201063419,230771
16.0,15.0,11.0,3956.006852348292,75534
28.0,14.0,14.0,738.0012783197774,183736
230.0,165.0,133.0,652.0011293556842,600090
255.0,172.0,135.0,823.0014255517301,954002
229.0,189.0,128.0,656.0011362842466,311730
245.0,184.0,140.0,740.0012817840586,413193
230.0,175.0,155.0,641.0011103021374,752372
255.0,170.0,150.0,588.0010184986844,762243
236.0,179.0,152.0,471.0008158382319,773237
251.0,186.0,156.0,768.001330283996,953009
102.0,101.0,97.0,369.0006391598887,192445
116.0,109.0,101.0,422.00073096334154,148504
104.0,125.0,106.0,1764.0030554960533,1431367
126.0,126.0,100.0,2125.003680798817,29120
99.0,105.0,117.0,142.000245963968,109450
112.0,111.0,116.0,11.000019053546819,173550
103.0,127.0,113.0,175.00030312460848,1710097
116.0,127.0,113.0,262.0004538208424,914898
151.0,62.0,128.0,22.000038107093637,237483
232.0,123.0,129.0,24.000041571374876,421078
205.0,124.0,193.0,2.0000034642812397,228534
132.0,0.0,4.0,5877.010179790423,1465328
142.0,2.0,5.0,5458.009454023503,331688
133.0,15.0,1.0,1786.003093603147,1581574
136.0,12.0,4.0,1386.0024007468992,695899
129.0,1.0,14.0,1537.0026623001327,498211
136.0,1.0,8.0,1161.0020110152595,732442
130.0,15.0,10.0,2318.0040151019566,442236
136.0,14.0,11.0,942.0016316764638,578688
228.0,143.0,78.0,638.0011051057154,639565
240.0,130.0,67.0,503.0008712667318,991590
226.0,155.0,75.0,674.0011674627777,1137490
243.0,153.0,75.0,452.0007829275602,873357
239.0,138.0,92.0,1021.0017685155728,338677
251.0,136.0,81.0,537.0009301595128,982670
237.0,153.0,81.0,698.0012090341527,939549
252.0,154.0,91.0,576.000997712997,451549
193.0,170.0,136.0,391.00067726698234,847460
214.0,162.0,140.0,443.00076733829457,586731
203.0,191.0,139.0,1620.0028060678042,1531309
221.0,187.0,141.0,1290.0022344613997,627022
201.0,164.0,145.0,182.0003152495928,599563
220.0,171.0,157.0,366.00063396346684,541831
203.0,190.0,146.0,269.00046594582676,410308
209.0,189.0,152.0,324.00056121356084,279131
195.0,166.0,0.0,745.0012904447618,1526460
212.0,167.0,3.0,2145.0037154416295,1480026
205.0,177.0,5.0,44.000076214187274,1227790
217.0,185.0,2.0,1018.001763319151,1211683
204.0,160.0,27.0,120.00020785687438,1203080
219.0,167.0,29.0,369.0006391598887,1459316
206.0,179.0,30.0,15.000025982109298,1232445
219.0,183.0,27.0,326.0005646778421,1205747
102.0,44.0,42.0,632.0010947128717,1422249
112.0,32.0,33.0,880.0015242837454,479912
111.0,52.0,46.0,1244.002154782931,765473
117.0,60.0,33.0,1405.002433657571,757508
108.0,46.0,51.0,32.000055428499834,1449963
120.0,47.0,54.0,42.00007274990603,1447981
111.0,61.0,50.0,170.00029446390536,319913
116.0,56.0,48.0,221.00038280307697,1629569
171.0,135.0,103.0,536.0009284273722,427285
191.0,136.0,106.0,539.0009336237941,351383
175.0,156.0,97.0,723.0012523376681,683465
187.0,150.0,97.0,1072.0018568547443,356232
168.0,142.0,117.0,215.00037241023327,911318
183.0,142.0,114.0,368.0006374277481,565230
172.0,145.0,116.0,448.0007759989977,355258
177.0,144.0,113.0,468.00081064181006,353214
231.0,131.0,35.0,490.0008487489037,626567
255.0,143.0,46.0,348.0006027849357,838296
227.0,152.0,33.0,772.0013372125585,1488847
253.0,157.0,45.0,538.0009318916535,460589
228.0,134.0,60.0,433.0007500168884,501331
243.0,139.0,54.0,356.00061664206066,631567
229.0,155.0,50.0,754.0013060340274,1175252
240.0,146.0,50.0,482.00083489177877,641490
144.0,0.0,0.0,5105.008842577864,499274
157.0,3.0,3.0,4346.007527883134,378195
144.0,14.0,0.0,1535.0026588358514,1404064
155.0,12.0,4.0,2268.0039284949257,527735
147.0,0.0,8.0,749.0012973733243,725562
156.0,7.0,13.0,737.0012765876368,1437249
148.0,14.0,13.0,962.0016663192763,856053
152.0,13.0,8.0,947.0016403371669,527756
231.0,199.0,64.0,412.00071364193536,351774
246.0,196.0,73.0,681.0011795877621,702581
235.0,216.0,77.0,165.00028580320227,1226483
255.0,218.0,68.0,210.00036374953015,699828
229.0,205.0,81.0,768.001330283996,1230396
245.0,194.0,89.0,1167.0020214081032,1218374
233.0,208.0,89.0,350.00060624921696,1247198
244.0,220.0,88.0,392.00067899912295,680949
119.0,18.0,0.0,3053.005288225312,762965
126.0,18.0,6.0,2333.004041084066,636247
114.0,28.0,5.0,1445.0025029431956,674002
122.0,24.0,0.0,1954.0033846027711,1241392
116.0,19.0,12.0,2573.004456797815,812539
121.0,23.0,10.0,1972.0034157813022,863370
112.0,24.0,14.0,1222.0021166758374,1429286
121.0,25.0,9.0,1941.003362084943,901893
164.0,138.0,43.0,396.0006859276854,419012
182.0,141.0,36.0,661.0011449449497,1287383
164.0,159.0,39.0,86.0001489640933,656811
186.0,148.0,39.0,159.00027541035854,1157797
175.0,140.0,48.0,904.0015658551204,289190
183.0,137.0,49.0,1147.001986765291,434145
166.0,153.0,57.0,169.00029273176474,1696155
179.0,147.0,60.0,448.0007759989977,1073117
231.0,101.0,69.0,753.0013043018868,661503
243.0,96.0,78.0,188.00032564243654,276602
224.0,126.0,65.0,967.0016749799794,740120
246.0,118.0,71.0,267.00046248154547,819529
227.0,102.0,82.0,314.0005438921546,582534
255.0,108.0,93.0,172.0002979281866,615972
226.0,113.0,81.0,947.0016403371669,1004378
252.0,114.0,85.0,333.0005768028264,658519
225.0,111.0,41.0,780.0013510696834,831407
250.0,96.0,36.0,84.00014549981206,703712
233.0,121.0,47.0,655.001134552106,478646
252.0,116.0,38.0,238.00041224946753,546970
235.0,111.0,51.0,776.001344141121,1137545
245.0,103.0,57.0,132.0002286425618,655566
238.0,123.0,60.0,975.0016888371043,479291
240.0,125.0,58.0,260.00045035656115,485890
195.0,200.0,194.0,171.00029619604598,1079560
255.0,209.0,198.0,530.0009180345285,794983
211.0,227.0,198.0,2.0000034642812397,1013970
255.0,228.0,196.0,202.0003498924052,578403
214.0,212.0,226.0,42.00007274990603,106420
242.0,211.0,229.0,2.0000034642812397,243365
255.0,243.0,236.0,21.000036374953016,598950
63.0,98.0,65.0,12.000020785687438,1396900
61.0,78.0,98.0,26.000045035656115,97524
171.0,79.0,64.0,212.00036721381142,962251
181.0,77.0,64.0,442.00076560615395,1572007
172.0,95.0,77.0,787.0013631946678,274462
181.0,95.0,70.0,1989.0034452276927,807797
160.0,79.0,88.0,5.000008660703099,252564
178.0,71.0,81.0,1.0000017321406198,567946
171.0,86.0,83.0,120.00020785687438,252826
186.0,94.0,83.0,206.00035682096768,520515
198.0,44.0,42.0,616.0010669986218,721271
220.0,41.0,34.0,139.00024076754616,541146
207.0,59.0,45.0,1212.0020993544313,1620105
215.0,59.0,34.0,476.00082449893506,1501538
205.0,39.0,51.0,174.00030139246786,380481
208.0,38.0,49.0,25.000043303515497,246762
199.0,51.0,51.0,832.0014411409957,786528
221.0,58.0,53.0,265.00045901726423,756907
99.0,2.0,0.0,3142.0054423858273,1017599
109.0,0.0,3.0,5091.008818327896,1661502
96.0,13.0,7.0,1608.0027852821167,258667
111.0,9.0,4.0,1814.0031421030844,1132207
99.0,4.0,10.0,332.0005750706858,309168
105.0,4.0,12.0,794.0013753196522,617421
101.0,10.0,15.0,679.0011761234808,315102
105.0,15.0,14.0,1346.0023314612743,817450
52.0,3.0,0.0,890.0015416051516,457419
59.0,1.0,0.0,759.0013146947305,290910
55.0,12.0,6.0,1925.0033343706932,1701596
57.0,10.0,0.0,1763.0030537639127,894773
53.0,7.0,9.0,43.00007448204665,1723228
57.0,6.0,11.0,14.000024249968678,261196
53.0,11.0,12.0,3220.005577492796,1696594
57.0,12.0,9.0,5592.009686130346,1681699
39.0,17.0,4.0,2457.0042558695027,308869
45.0,22.0,6.0,2097.00363229888,1384221
35.0,29.0,7.0,1445.0025029431956,868505
42.0,27.0,4.0,1496.0025912823673,1295313
32.0,17.0,10.0,1240.0021478543686,1457870
45.0,23.0,10.0,861.0014913730737,649816
32.0,24.0,11.0,3000.0051964218596,195371
47.0,24.0,8.0,1499.0025964787892,345750
102.0,131.0,83.0,3268.0056606355456,1647833
105.0,132.0,87.0,1701.0029463711944,1019941
102.0,139.0,87.0,405.00070151695104,1222947
107.0,143.0,81.0,2235.003871334285,1300968
101.0,133.0,92.0,2185.0037847272542,1414580
109.0,131.0,92.0,1586.002747175023,534149
102.0,139.0,95.0,380.00065821343554,1429399
104.0,137.0,90.0,2257.003909441379,1695880
2.0,3.0,0.0,13666.02367143371,140553
4.0,3.0,1.0,2697.004671583252,227421
0.0,7.0,0.0,6280.010877843092,1603575
6.0,7.0,2.0,21098.036544702798,257318
2.0,1.0,7.0,893.0015468015735,172518
7.0,2.0,6.0,651.0011276235435,198068
1.0,5.0,6.0,282.0004884636548,178767
4.0,4.0,4.0,10381.017981351775,247209
136.0,141.0,77.0,333.0005768028264,1163472
150.0,128.0,71.0,643.0011137664186,829780
133.0,150.0,79.0,85.00014723195268,1442948
157.0,151.0,77.0,59.00010219629657,1051241
132.0,137.0,81.0,851.0014740516675,1091390
147.0,134.0,89.0,845.0014636588238,192254
128.0,156.0,95.0,402.0006963205292,803908
149.0,148.0,81.0,225.00038973163947,1071014
48.0,48.0,36.0,2655.0045988333454,12036
60.0,48.0,34.0,507.00087819529426,961979
55.0,61.0,33.0,2208.0038245664887,1085857
57.0,59.0,35.0,1353.0023435862586,1587623
55.0,55.0,45.0,1966.0034053884585,137566
56.0,53.0,46.0,937.0016230157607,33978
48.0,59.0,45.0,1845.0031957994436,1342911
56.0,58.0,45.0,1991.003448691974,32075
235.0,196.0,167.0,251.0004347672956,453619
255.0,201.0,167.0,570.0009873201533,591209
227.0,209.0,163.0,558.0009665344659,631104
250.0,212.0,175.0,584.0010115701219,680733
234.0,194.0,186.0,139.00024076754616,583759
255.0,207.0,186.0,802.0013891767771,585289
235.0,217.0,179.0,104.00018014262446,405896
246.0,221.0,191.0,311.00053869573276,608825
70.0,85.0,52.0,1862.003225245834,1646936
75.0,82.0,49.0,1307.0022639077902,160962
68.0,95.0,52.0,1286.0022275328372,1012945
73.0,89.0,50.0,1626.0028164606479,1052709
70.0,82.0,58.0,2226.00385574502,11995
78.0,83.0,63.0,1460.002528925305,103204
64.0,91.0,58.0,1461.0025306574455,1443905
74.0,94.0,57.0,1951.0033794063493,1712116
51.0,65.0,39.0,1759.0030468353502,1730831
63.0,68.0,38.0,1401.0024267290084,366051
53.0,76.0,34.0,826.001430748152,961705
59.0,78.0,32.0,1767.0030606924752,177882
48.0,68.0,41.0,2216.0038384236136,1343405
57.0,67.0,43.0,2194.00380031652,1662700
53.0,77.0,41.0,1007.0017442656042,1609448
58.0,72.0,47.0,1925.0033343706932,996210
21.0,37.0,0.0,1145.0019833010097,248043
29.0,34.0,4.0,1839.0031854065999,1184350
16.0,40.0,0.0,236.00040878518627,287512
27.0,43.0,7.0,557.0009648023253,270906
23.0,33.0,9.0,1229.0021288008218,271843
28.0,33.0,10.0,6790.011761234809,848845
20.0,40.0,15.0,95.00016455335889,998126
29.0,45.0,8.0,1076.001863783307,270907
33.0,39.0,5.0,1280.0022171399933,1170483
43.0,36.0,7.0,672.0011639984965,818312
36.0,42.0,4.0,679.0011761234808,627
43.0,45.0,6.0,370.0006408920293,1051261
37.0,39.0,15.0,5525.009570076924,54029
47.0,36.0,14.0,1353.0023435862586,732035
36.0,42.0,14.0,1661.0028770855695,1302183
43.0,43.0,15.0,1017.0017615870104,194346
82.0,103.0,70.0,1862.003225245834,1311303
90.0,101.0,71.0,947.0016403371669,823632
82.0,111.0,65.0,2304.003990851988,1069386
90.0,104.0,71.0,1308.0022656399308,1071197
84.0,103.0,73.0,1540.0026674965545,1310798
88.0,101.0,73.0,948.0016420693076,723520
80.0,111.0,77.0,1865.003230442256,1277291
93.0,104.0,72.0,1546.0026778893982,502515
83.0,114.0,70.0,1993.0034521562552,1081119
90.0,118.0,67.0,1523.002638050164,913302
87.0,120.0,65.0,233.0004035887644,1354526
92.0,122.0,70.0,861.0014913730737,1514104
86.0,119.0,72.0,1711.0029636926006,1548685
88.0,119.0,78.0,2667.0046196190333,1608275
86.0,122.0,78.0,217.0003758745145,1397728
93.0,122.0,74.0,2911.0050422613444,1647831
9.0,10.0,2.0,8171.014153321004,1102334
13.0,11.0,0.0,1607.0027835499761,111208
10.0,12.0,0.0,4574.007922811195,48330
15.0,14.0,0.0,4563.007903757648,26464
8.0,11.0,4.0,13287.023014952416,99872
14.0,10.0,7.0,1680.0029099962412,111213
11.0,12.0,6.0,6256.010836271717,120365
14.0,14.0,4.0,7645.013242215038,631287
98.0,66.0,77.0,140.00024249968678,120511
112.0,78.0,76.0,109.00018880332756,912706
102.0,93.0,64.0,1200.0020785687439,801973
115.0,82.0,67.0,604.0010462129344,358130
97.0,78.0,82.0,89.00015416051517,122493
113.0,64.0,86.0,27.000046767796736,252264
96.0,94.0,81.0,667.0011553377934,189027
113.0,86.0,95.0,141.0002442318274,212021
53.0,23.0,0.0,1747.0030260496628,1417104
59.0,18.0,0.0,1441.0024960146332,346758
49.0,24.0,4.0,1661.0028770855695,573996
63.0,24.0,0.0,1493.0025860859455,752993
50.0,17.0,10.0,927.0016056943546,599786
63.0,16.0,10.0,2770.004798029517,1681868
51.0,25.0,8.0,1204.0020854973063,303918
56.0,27.0,9.0,647.0011206949811,973164
99.0,16.0,0.0,1552.002688282242,476593
108.0,18.0,7.0,1635.0028320499134,1665415
103.0,26.0,6.0,981.001699229948,1180599
111.0,25.0,0.0,1218.002109747275,535556
100.0,23.0,13.0,1349.002336657696,371992
110.0,22.0,10.0,3055.0052916895934,562222
101.0,30.0,12.0,928.0016074264952,874204
110.0,24.0,9.0,1129.0019555867598,938440
166.0,1.0,5.0,4172.007226490666,330090
174.0,5.0,0.0,3227.00558961778,1261263
163.0,11.0,6.0,1772.0030693531783,1482158
168.0,10.0,0.0,902.0015623908391,1276075
161.0,5.0,9.0,540.0009353559348,570803
170.0,5.0,11.0,419.0007257669197,731512
167.0,9.0,8.0,491.0008504810443,362383
170.0,9.0,14.0,320.0005542849983,577133
161.0,160.0,104.0,157.0002719460773,597873
185.0,164.0,111.0,926.001603962214,540322
161.0,176.0,109.0,8.000013857124959,172679
187.0,184.0,107.0,47.000081410609134,649891
168.0,170.0,123.0,378.0006547491543,1147143
186.0,173.0,120.0,1152.001995425994,762611
173.0,176.0,119.0,37.00006408920294,909385
188.0,178.0,117.0,201.0003481602646,1488791
132.0,20.0,0.0,1891.003275477912,1000678
143.0,19.0,7.0,1149.0019902295721,421503
135.0,24.0,4.0,2234.0038696021447,644164
139.0,30.0,0.0,1192.002064711619,1030580
129.0,18.0,9.0,1887.0032685493495,847143
140.0,23.0,13.0,1010.001749462026,1404574
133.0,26.0,8.0,1097.00190015826,833311
139.0,26.0,12.0,732.0012679269337,400921
178.0,5.0,0.0,3607.0062478312157,1288937
190.0,6.0,4.0,4153.007193579994,1527080
182.0,8.0,1.0,944.0016351407451,1286964
190.0,12.0,2.0,1126.001950390338,502101
177.0,0.0,10.0,465.0008054453882,740402
188.0,1.0,8.0,356.00061664206066,756214
180.0,8.0,8.0,192.000332570999,1490635
191.0,12.0,8.0,179.00031005317095,740461
136.0,168.0,101.0,631.0010929807311,1023980
153.0,172.0,108.0,177.0003065888897,911366
140.0,176.0,102.0,6.000010392843719,1035935
150.0,181.0,103.0,38.000065821343554,276642
139.0,165.0,117.0,1074.0018603190256,1146934
149.0,162.0,118.0,686.0011882484652,892410
141.0,176.0,120.0,8.000013857124959,1115296
155.0,180.0,123.0,135.0002338389837,1014100
131.0,34.0,0.0,1972.0034157813022,1069862
139.0,33.0,7.0,2098.0036340310203,627354
134.0,41.0,0.0,1725.0029879425692,725518
137.0,47.0,0.0,2022.0035023883333,734776
130.0,34.0,10.0,808.0013995696208,1633500
142.0,32.0,9.0,707.0012246234182,454261
132.0,44.0,8.0,704.0012194269964,756474
136.0,42.0,8.0,687.0011899806058,1532485
202.0,109.0,104.0,125.00021651757748,571550
218.0,109.0,102.0,90.00015589265578,534346
192.0,115.0,97.0,1380.0023903540553,913837
208.0,127.0,100.0,748.0012956411837,952988
206.0,100.0,114.0,1.0000017321406198,973600
213.0,108.0,122.0,5.000008660703099,973603
206.0,124.0,112.0,177.0003065888897,411453
209.0,126.0,112.0,138.00023903540554,541211
199.0,77.0,72.0,172.0002979281866,257762
216.0,77.0,72.0,172.0002979281866,302464
203.0,95.0,69.0,1248.0021617114935,1300724
208.0,89.0,69.0,726.00125753409,1344232
200.0,75.0,81.0,4.000006928562479,274557
211.0,74.0,82.0,9.000015589265578,276534
198.0,95.0,90.0,177.0003065888897,938549
219.0,86.0,81.0,67.00011605342152,303452
70.0,66.0,55.0,1861.0032235136935,144555
76.0,67.0,52.0,494.0008556774662,1689492
64.0,77.0,51.0,1738.0030104603973,98917
75.0,77.0,55.0,984.0017044263699,420216
71.0,71.0,59.0,1033.0017893012603,190913
74.0,69.0,63.0,899.0015571944173,12227
69.0,73.0,56.0,1287.0022292649778,234224
73.0,76.0,59.0,1598.0027679607106,79851
32.0,48.0,22.0,1208.0020924258688,1332572
41.0,51.0,17.0,1475.0025549074142,952553
39.0,62.0,20.0,275.00047633867047,841934
40.0,58.0,20.0,714.0012367484026,287817
39.0,48.0,29.0,1548.0026813536795,1714993
43.0,48.0,28.0,2826.0048950293917,1472659
35.0,56.0,25.0,227.0003931959207,1342495
44.0,60.0,24.0,1382.0023938183365,1238758
114.0,36.0,0.0,1693.0029325140695,1409253
124.0,35.0,1.0,1611.0027904785386,474832
114.0,40.0,0.0,1754.0030381746471,1089282
122.0,41.0,0.0,1755.0030399067878,774782
113.0,37.0,11.0,770.0013337482773,648313
124.0,34.0,8.0,772.0013372125585,378221
117.0,44.0,11.0,519.0008989809817,1410234
120.0,44.0,8.0,631.0010929807311,1065209
47.0,14.0,35.0,289.0005005886391,208048
54.0,14.0,40.0,703.0012176948558,221830
41.0,23.0,39.0,552.0009561416222,215798
56.0,17.0,36.0,597.0010340879501,241426
63.0,7.0,54.0,50.000086607030994,225572
32.0,31.0,49.0,2.0000034642812397,105450
63.0,28.0,50.0,107.00018533904633,240363
102.0,142.0,46.0,314.0005438921546,1590087
115.0,135.0,46.0,29.000050232077974,1446916
110.0,147.0,44.0,129.00022344613996,1598981
113.0,158.0,41.0,20.000034642812395,190452
111.0,142.0,62.0,980.0016974978074,1004215
114.0,132.0,50.0,189.00032737457715,800014
106.0,146.0,57.0,123.00021305329624,1593033
112.0,150.0,49.0,502.0008695345912,1607865
17.0,16.0,11.0,7031.012178680698,217632
22.0,19.0,10.0,1215.0021045508531,491904
19.0,22.0,11.0,5531.0095804697685,1652877
21.0,23.0,9.0,7417.012847286977,1336206
17.0,17.0,15.0,5306.009190738128,115383
20.0,19.0,14.0,1766.0030589603346,114897
19.0,20.0,14.0,2931.005076904157,145157
20.0,21.0,15.0,4699.008139328773,115370
20.0,37.0,18.0,461.00079851682574,1686285
30.0,34.0,17.0,5159.008936113458,1441313
20.0,43.0,17.0,70.00012124984339,1460707
26.0,40.0,23.0,1254.0021721043372,1699745
19.0,32.0,25.0,43.00007448204665,230899
31.0,36.0,30.0,1137.0019694438847,182594
23.0,41.0,29.0,11.000019053546819,1537325
27.0,46.0,27.0,647.0011206949811,1511629
160.0,21.0,2.0,2041.003535299005,1513797
171.0,20.0,3.0,2544.0044065657366,1489122
162.0,24.0,0.0,1101.0019070868225,821984
169.0,25.0,0.0,1598.0027679607106,1406134
161.0,19.0,9.0,454.0007863918414,526745
175.0,21.0,9.0,329.00056987426393,776935
162.0,26.0,12.0,379.0006564812949,694960
171.0,28.0,11.0,321.000556017139,508860
66.0,20.0,7.0,1132.0019607831816,602778
72.0,21.0,0.0,950.0016455335889,1228003
69.0,26.0,0.0,1383.0023955504773,1126902
73.0,28.0,0.0,1582.0027402464605,1414830
68.0,22.0,9.0,1434.0024838896488,1431257
73.0,21.0,10.0,918.001590105089,798418
70.0,28.0,12.0,598.0010358200907,827006
77.0,25.0,11.0,642.001112034278,640843
98.0,34.0,0.0,1466.0025393181486,1409233
106.0,38.0,0.0,1348.0023349255555,1077461
98.0,40.0,0.0,1825.0031611566312,880234
105.0,43.0,4.0,1933.0033482278182,717904
99.0,33.0,9.0,572.0009907844345,1655594
109.0,34.0,15.0,545.0009440166378,710932
98.0,45.0,11.0,488.00084528462247,347605
106.0,42.0,14.0,458.0007933204039,546729
81.0,33.0,0.0,1374.0023799612115,397384
91.0,35.0,0.0,2124.0036790666763,1390487
85.0,43.0,0.0,1364.0023626398054,812318
95.0,40.0,1.0,1410.002442318274,1408904
83.0,37.0,11.0,593.0010271593876,552764
94.0,36.0,14.0,575.0009959808564,318915
87.0,40.0,10.0,628.0010877843092,1579472
94.0,41.0,9.0,533.0009232309503,1207228
68.0,4.0,0.0,766.0013268197148,824993
75.0,6.0,0.0,783.0013562661053,342702
65.0,14.0,0.0,1701.0029463711944,612293
72.0,13.0,0.0,1289.002232729259,611429
70.0,2.0,13.0,48.00008314274975,288126
77.0,4.0,11.0,99.00017148192136,306036
64.0,14.0,15.0,2586.004479315643,1654063
74.0,15.0,9.0,1297.002246586384,1169768
37.0,3.0,0.0,1642.0028441748977,897667
40.0,0.0,0.0,1234.0021374615249,597913
39.0,11.0,0.0,2260.003914637801,307627
46.0,14.0,0.0,2159.003739691598,313679
33.0,7.0,8.0,100.00017321406199,1552522
42.0,6.0,10.0,40.00006928562479,210370
37.0,8.0,10.0,340.0005889278107,214347
42.0,15.0,8.0,756.0013094983086,1674995
116.0,48.0,3.0,1862.003225245834,789418
126.0,53.0,2.0,1569.0027177286324,1071520
112.0,59.0,5.0,1491.0025826216643,1195363
125.0,60.0,0.0,1720.0029792818661,1415187
116.0,53.0,12.0,417.00072230263845,487037
124.0,49.0,10.0,443.00076733829457,907457
115.0,57.0,11.0,400.00069285624795,1139690
124.0,61.0,8.0,410.0007101776541,904488
174.0,132.0,0.0,267.00046248154547,931399
182.0,135.0,0.0,740.0012817840586,1574524
172.0,145.0,12.0,20.000034642812395,338911
188.0,145.0,4.0,287.0004971243579,872918
173.0,140.0,27.0,193.00033430313962,344861
191.0,128.0,22.0,408.0007067133729,1731708
169.0,145.0,21.0,44.000076214187274,929424
182.0,159.0,19.0,114.00019746403066,329999
164.0,175.0,143.0,271.000469410108,797984
181.0,172.0,129.0,425.00073615976345,1535228
174.0,183.0,140.0,141.0002442318274,23332
189.0,180.0,137.0,538.0009318916535,1520420
173.0,171.0,146.0,207.0003585531083,1075217
186.0,161.0,156.0,109.00018880332756,196208
173.0,184.0,144.0,196.00033949956148,922582
182.0,185.0,154.0,157.0002719460773,1089982
96.0,115.0,83.0,1316.0022794970557,732060
107.0,119.0,81.0,476.00082449893506,760478
97.0,125.0,84.0,1975.003420977724,1534762
105.0,120.0,87.0,1028.0017806405572,1336559
101.0,115.0,90.0,797.001380516074,1634523
105.0,112.0,94.0,429.0007430883259,476116
98.0,126.0,88.0,1234.0021374615249,1251027
105.0,125.0,88.0,916.0015866408078,1056640
151.0,39.0,2.0,1535.0026588358514,1515699
156.0,37.0,5.0,1008.0017459977448,1088708
146.0,43.0,0.0,2190.0037933879576,731788
153.0,44.0,1.0,1576.0027298536168,1504839
144.0,38.0,12.0,433.0007500168884,1342204
159.0,39.0,14.0,330.00057160640455,726827
145.0,40.0,10.0,566.0009803915908,1184189
154.0,47.0,11.0,429.0007430883259,559963
232.0,207.0,42.0,541.0009370880754,1218892
255.0,205.0,43.0,324.00056121356084,455796
234.0,211.0,45.0,12.000020785687438,1216918
245.0,216.0,37.0,103.00017841048384,564114
229.0,204.0,50.0,448.0007759989977,1226510
245.0,203.0,59.0,369.0006391598887,668132
232.0,208.0,60.0,55.00009526773409,1218572
250.0,213.0,62.0,154.00026674965545,559160
205.0,164.0,38.0,155.00026848179607,355711
219.0,160.0,40.0,429.0007430883259,935813
205.0,178.0,37.0,22.000038107093637,336929
219.0,189.0,41.0,313.000542160014,1214669
205.0,161.0,62.0,176.0003048567491,1258775
214.0,160.0,51.0,621.0010756593249,1163901
196.0,186.0,63.0,36.00006235706231,320116
218.0,179.0,48.0,248.0004295708737,1193914
236.0,192.0,9.0,546.0009457487785,1534377
244.0,202.0,4.0,620.0010739271843,1328949
239.0,211.0,14.0,6.000010392843719,1256436
255.0,215.0,9.0,100.00017321406199,702783
236.0,192.0,23.0,360.00062357062313,1333898
254.0,201.0,25.0,256.0004434279987,1286469
237.0,213.0,29.0,7.000012124984339,1243581
255.0,219.0,18.0,99.00017148192136,1290494
227.0,174.0,160.0,146.00025289253048,454387
251.0,173.0,161.0,216.0003741423739,510146
227.0,188.0,171.0,412.00071364193536,605987
255.0,189.0,173.0,912.0015797122453,749473
239.0,169.0,177.0,1.0000017321406198,567942
248.0,175.0,182.0,2.0000034642812397,568931
236.0,187.0,182.0,48.00008314274975,423381
248.0,187.0,182.0,252.0004364994362,518078
182.0,54.0,5.0,1354.0023453183992,1594981
184.0,50.0,0.0,1222.0021166758374,1536684
183.0,63.0,2.0,2516.0043580657994,1265150
188.0,60.0,0.0,1413.0024475146959,1582125
177.0,55.0,14.0,286.00049539221726,1108475
188.0,53.0,8.0,186.0003221781553,281489
180.0,63.0,9.0,595.0010306236688,1492202
189.0,63.0,13.0,227.0003931959207,615507
167.0,50.0,6.0,1409.0024405861334,1551523
169.0,51.0,1.0,1169.0020248723845,1520648
160.0,62.0,1.0,1147.001986765291,704108
169.0,62.0,0.0,1870.003239102959,640379
167.0,48.0,14.0,449.0007777311383,684251
170.0,52.0,12.0,409.0007084455135,666410
161.0,56.0,9.0,677.0011726591996,1494163
169.0,63.0,13.0,640.0011085699966,1444525
200.0,195.0,103.0,12.000020785687438,397162
223.0,193.0,105.0,289.0005005886391,670478
223.0,216.0,100.0,9.000015589265578,1237338
206.0,192.0,127.0,91.0001576247964,867383
222.0,195.0,126.0,1521.0026345858828,388983
206.0,209.0,122.0,2.0000034642812397,1057301
209.0,208.0,125.0,18.000031178531156,1058290
87.0,2.0,0.0,1346.0023314612743,602541
94.0,0.0,0.0,1765.003057228194,1419846
80.0,9.0,3.0,1348.0023349255555,775827
90.0,11.0,6.0,1623.002811264226,951277
83.0,4.0,9.0,123.00021305329624,1681269
93.0,2.0,9.0,179.00031005317095,326492
85.0,9.0,13.0,682.0011813199027,321025
91.0,13.0,11.0,589.0010202308251,270007
82.0,16.0,0.0,924.0016004979327,1060753
91.0,19.0,7.0,1248.0021617114935,1623545
86.0,28.0,0.0,1186.0020543187752,1202408
89.0,28.0,7.0,1050.0018187476508,613401
87.0,16.0,10.0,916.0015866408078,1153959
92.0,22.0,12.0,813.0014082303239,771884
81.0,30.0,11.0,680.0011778556214,898910
95.0,26.0,10.0,748.0012956411837,1131172
68.0,68.0,34.0,937.0016230157607,342117
74.0,65.0,36.0,541.0009370880754,728068
66.0,72.0,36.0,1023.0017719798541,127996
76.0,74.0,36.0,724.0012540698087,684610
65.0,71.0,45.0,1201.0020803008845,823267
73.0,69.0,44.0,444.0007690704352,629304
69.0,77.0,40.0,1339.00231933629,193351
78.0,79.0,47.0,956.0016559264326,1470127
192.0,69.0,1.0,1184.002050854494,602668
202.0,71.0,0.0,826.001430748152,1566562
193.0,78.0,0.0,2170.003758745145,1546440
205.0,79.0,2.0,1786.003093603147,1567551
193.0,68.0,10.0,262.0004538208424,1343325
201.0,68.0,9.0,131.0002269104212,1051163
193.0,73.0,12.0,387.00067033841987,603655
202.0,77.0,10.0,277.0004798029517,1561239
181.0,69.0,3.0,1260.002182497181,934219
191.0,67.0,3.0,1263.0021876936028,605529
180.0,77.0,2.0,807.0013978374802,1592888
191.0,78.0,0.0,1521.0026345858828,1000959
179.0,66.0,10.0,764.0013233554336,1528753
188.0,65.0,8.0,439.0007604097321,544013
181.0,77.0,14.0,376.0006512848731,1607733
190.0,74.0,13.0,424.00073442762283,595753
100.0,54.0,2.0,1178.0020404616503,1393503
109.0,54.0,0.0,1631.002825121351,1393506
100.0,61.0,2.0,1003.0017373370417,1109422
110.0,58.0,0.0,1187.0020560509158,1208061
103.0,51.0,14.0,486.00084182034124,901613
109.0,51.0,11.0,410.0007101776541,336875
101.0,61.0,12.0,504.0008729988724,676948
108.0,56.0,9.0,451.00078119541956,1119967
148.0,52.0,4.0,1433.0024821575082,546298
156.0,48.0,2.0,1424.0024665682427,968107
150.0,56.0,5.0,828.0014342124332,478208
153.0,58.0,0.0,1013.0017546584479,469665
149.0,53.0,13.0,548.0009492130597,673478
153.0,55.0,10.0,554.0009596059034,1484271
147.0,56.0,9.0,351.0006079813576,730823
158.0,56.0,8.0,636.0011016414342,1507001
50.0,49.0,21.0,838.0014515338394,220057
60.0,54.0,18.0,415.0007188383572,1053307
48.0,63.0,20.0,664.0011501413716,1375214
62.0,58.0,20.0,404.0006997848104,963542
52.0,49.0,30.0,1625.0028147285072,226950
58.0,51.0,25.0,577.0009994451376,699290
49.0,58.0,27.0,1324.0022933541807,1725933
61.0,61.0,27.0,846.0014653909644,1296303
132.0,70.0,0.0,1463.0025341217267,757095
142.0,69.0,1.0,1254.0021721043372,668092
128.0,76.0,0.0,1183.0020491223534,953408
140.0,73.0,0.0,1269.0021980864465,1477460
129.0,66.0,13.0,402.0006963205292,786631
143.0,71.0,13.0,340.0005889278107,1212307
134.0,72.0,13.0,382.0006616777168,630624
139.0,73.0,15.0,388.0006720705605,662128
212.0,87.0,0.0,1728.002993138991,709090
217.0,87.0,0.0,745.0012904447618,1140600
209.0,90.0,0.0,1523.002638050164,1585337
219.0,88.0,6.0,1504.0026051394923,970107
209.0,87.0,10.0,217.0003758745145,1272093
216.0,81.0,15.0,133.00023037470243,661062
208.0,92.0,15.0,367.00063569560746,781509
216.0,89.0,10.0,260.00045035656115,1149327
84.0,82.0,70.0,1270.002199818587,179665
88.0,87.0,66.0,409.0007084455135,311574
85.0,94.0,67.0,1198.0020751044626,412360
89.0,93.0,68.0,742.0012852483399,1314308
87.0,83.0,74.0,482.00083489177877,77374
91.0,87.0,76.0,642.001112034278,265018
81.0,95.0,72.0,588.0010184986844,606801
91.0,90.0,72.0,1027.0017789084166,145511
66.0,84.0,34.0,662.0011466770903,1115149
77.0,83.0,39.0,543.0009405523566,614752
71.0,89.0,39.0,465.0008054453882,860674
79.0,89.0,39.0,386.00066860627925,1221346
66.0,81.0,42.0,1539.002665764414,1337162
76.0,83.0,41.0,1035.0017927655415,88530
67.0,91.0,41.0,1045.0018100869477,262844
77.0,95.0,47.0,681.0011795877621,305416
85.0,98.0,55.0,625.0010825878874,1133081
92.0,102.0,50.0,456.00078985612265,887329
86.0,104.0,54.0,581.0010063737001,1061329
95.0,111.0,48.0,314.0005438921546,915989
83.0,99.0,62.0,1670.002892674835,1341969
92.0,97.0,56.0,836.0014480695581,85625
86.0,110.0,58.0,1232.0021339972436,176891
90.0,107.0,63.0,640.0011085699966,1046636
131.0,55.0,6.0,1231.002132265103,1055786
143.0,53.0,3.0,1215.0021045508531,1055793
130.0,62.0,0.0,1136.001967711744,553804
139.0,60.0,0.0,1060.001836069057,488842
128.0,50.0,12.0,443.00076733829457,586688
141.0,49.0,10.0,460.0007967846851,1616629
129.0,61.0,14.0,395.0006841955448,463727
137.0,61.0,11.0,381.00065994557616,867090
232.0,68.0,40.0,298.00051617790473,225027
241.0,72.0,33.0,11.000019053546819,291302
232.0,90.0,44.0,444.0007690704352,671368
240.0,85.0,37.0,66.0001143212809,700733
234.0,69.0,49.0,195.00033776742086,225028
246.0,70.0,57.0,21.000036374953016,1486555
238.0,91.0,58.0,435.0007534811696,485789
240.0,93.0,49.0,92.00015935693702,658530
38.0,37.0,32.0,928.0016074264952,95062
45.0,33.0,37.0,626.001084320028,233447
32.0,46.0,33.0,697.0012073020121,1541271
47.0,44.0,37.0,3132.005425064421,8301
37.0,37.0,47.0,133.00023037470243,157720
46.0,34.0,44.0,44.000076214187274,208922
36.0,40.0,41.0,98.00016974978074,174851
47.0,46.0,41.0,520.0009007131223,109885
67.0,33.0,5.0,1069.0018516583225,1219396
79.0,36.0,1.0,1154.0019988902752,1183474
65.0,46.0,6.0,593.0010271593876,1154548
77.0,41.0,5.0,791.0013701232302,1223992
70.0,35.0,15.0,713.001235016262,595984
78.0,33.0,12.0,613.0010618022,912406
64.0,45.0,15.0,565.0009786594502,1594669
76.0,41.0,9.0,598.0010358200907,931215
81.0,87.0,53.0,892.0015450694328,1020396
93.0,87.0,53.0,477.0008262310757,345376
82.0,93.0,50.0,971.0016819085419,448215
88.0,88.0,54.0,626.001084320028,690541
86.0,84.0,63.0,798.0013822482147,14186
89.0,85.0,56.0,335.00058026710764,804872
82.0,93.0,59.0,1218.002109747275,1719198
93.0,94.0,60.0,771.0013354804179,887711
97.0,117.0,64.0,567.0009821237314,1705405
106.0,119.0,66.0,302.0005231064672,745698
97.0,121.0,71.0,771.0013354804179,1087820
106.0,123.0,71.0,185.00032044601465,787094
99.0,118.0,72.0,1036.001794497682,1054925
111.0,112.0,78.0,453.0007846597008,293695
98.0,126.0,77.0,2264.0039215663633,1108536
110.0,127.0,73.0,510.0008833917161,416886
178.0,34.0,0.0,1327.0022985506025,504912
187.0,37.0,0.0,1993.0034521562552,1446658
177.0,41.0,1.0,1136.001967711744,1503095
191.0,41.0,4.0,648.0011224271217,911525
177.0,36.0,9.0,270.0004676779674,686052
187.0,32.0,10.0,192.000332570999,409263
180.0,42.0,14.0,272.0004711422486,1388753
184.0,43.0,13.0,242.00041917803,1376917
55.0,70.0,51.0,823.0014255517301,1575783
60.0,69.0,52.0,1545.0026761572576,1626081
54.0,72.0,50.0,584.0010115701219,1000873
63.0,76.0,48.0,2029.0035145133177,539022
52.0,70.0,58.0,81.00014030339021,1514596
63.0,71.0,58.0,224.00038799949886,262423
54.0,72.0,56.0,85.00014723195268,1510643
60.0,78.0,56.0,696.0012055698714,1362658
114.0,66.0,2.0,1096.0018984261194,1290731
127.0,65.0,4.0,1547.0026796215388,1126826
117.0,72.0,7.0,667.0011553377934,1341753
126.0,73.0,3.0,884.0015312123079,1326963
119.0,69.0,10.0,398.0006893919667,463794
120.0,64.0,13.0,415.0007188383572,1099200
117.0,73.0,10.0,554.0009596059034,960324
127.0,78.0,9.0,417.00072230263845,1280868
193.0,80.0,4.0,1051.0018204797914,1078851
202.0,83.0,3.0,1797.003112656694,442970
194.0,92.0,0.0,726.00125753409,790683
203.0,94.0,3.0,1128.0019538546192,627987
199.0,81.0,9.0,411.00071190979475,1262201
204.0,82.0,15.0,398.0006893919667,1105035
197.0,95.0,13.0,210.00036374953015,710044
206.0,88.0,14.0,241.00041744588938,1268136
38.0,49.0,35.0,615.0010652664812,1712968
42.0,54.0,32.0,2259.0039129056604,1007254
37.0,56.0,37.0,201.0003481602646,1523480
46.0,62.0,33.0,1742.0030173889597,1600982
33.0,53.0,41.0,86.0001489640933,1533369
46.0,52.0,42.0,433.0007500168884,1025234
36.0,57.0,40.0,41.000071017765414,1562022
44.0,63.0,43.0,578.0010011772782,1469113
224.0,70.0,0.0,171.00029619604598,507881
230.0,93.0,0.0,801.0013874446365,1231536
241.0,87.0,0.0,18.000031178531156,506894
224.0,67.0,24.0,236.00040878518627,1639703
240.0,75.0,30.0,8.000013857124959,696590
225.0,94.0,22.0,214.00037067809265,1291869
244.0,90.0,16.0,22.000038107093637,703709
69.0,86.0,70.0,770.0013337482773,1658662
72.0,85.0,65.0,950.0016455335889,1066409
65.0,91.0,64.0,1202.002082033025,1481449
74.0,89.0,68.0,2129.0036877273797,1577730
70.0,86.0,73.0,23.000039839234255,391161
78.0,80.0,77.0,106.00018360690571,152782
70.0,91.0,72.0,109.00018880332756,1389971
74.0,93.0,73.0,580.0010046415595,1047366
145.0,19.0,4.0,892.0015450694328,1394274
158.0,18.0,5.0,1080.0018707118695,1502325
145.0,30.0,0.0,792.0013718553708,1031569
153.0,24.0,2.0,700.0012124984339,1208989
151.0,18.0,11.0,734.0012713912149,1390749
154.0,17.0,11.0,673.0011657306371,722706
144.0,26.0,14.0,512.0008868559974,294864
158.0,26.0,14.0,448.0007759989977,1238602
138.0,74.0,64.0,105.00018187476508,250851
155.0,74.0,71.0,123.00021305329624,260489
131.0,84.0,64.0,517.0008955167004,631205
154.0,88.0,66.0,519.0008989809817,357227
129.0,74.0,80.0,8.000013857124959,249601
148.0,79.0,82.0,2.0000034642812397,127376
128.0,95.0,80.0,75.00012991054649,410487
157.0,95.0,82.0,93.00016108907765,445085
226.0,137.0,131.0,104.00018014262446,564976
241.0,138.0,129.0,75.00012991054649,507193
234.0,145.0,129.0,613.0010618022,704607
255.0,157.0,134.0,391.00067726698234,359756
232.0,136.0,148.0,2.0000034642812397,974589
251.0,137.0,147.0,3.0000051964218595,422066
228.0,158.0,146.0,147.0002546246711,514543
251.0,157.0,145.0,107.00018533904633,495352
192.0,0.0,0.0,1944.003367281365,1584324
203.0,0.0,4.0,889.001539873011,1508246
195.0,12.0,6.0,1051.0018204797914,753309
202.0,10.0,5.0,558.0009665344659,1513194
196.0,5.0,13.0,536.0009284273722,757241
200.0,0.0,11.0,226.0003914637801,773007
198.0,8.0,10.0,405.00070151695104,770085
207.0,9.0,10.0,150.00025982109298,1573431
71.0,103.0,54.0,469.0008123739507,1706227
79.0,101.0,52.0,1145.0019833010097,295589
71.0,109.0,52.0,19.000032910671777,914292
75.0,110.0,52.0,388.0006720705605,1665677
69.0,96.0,63.0,463.000801981107,1586658
72.0,99.0,58.0,2034.0035231740208,1185418
71.0,104.0,59.0,51.00008833917161,1574854
75.0,108.0,61.0,1162.0020127474002,1398985
99.0,128.0,70.0,236.00040878518627,1122414
106.0,128.0,66.0,242.00041917803,1499212
96.0,137.0,69.0,86.0001489640933,1385124
111.0,141.0,71.0,120.00020785687438,1002240
99.0,129.0,75.0,2867.004966047157,1707829
109.0,132.0,76.0,851.0014740516675,1068060
103.0,137.0,77.0,439.0007604097321,1321726
105.0,136.0,77.0,873.0015121587611,1302957
195.0,129.0,131.0,89.00015416051517,974598
222.0,135.0,128.0,156.0002702139367,480755
204.0,156.0,136.0,326.0005646778421,568196
223.0,147.0,134.0,634.0010981771529,519483
203.0,142.0,147.0,2.0000034642812397,969648
222.0,136.0,145.0,3.0000051964218595,974587
196.0,153.0,144.0,67.00011605342152,492398
210.0,153.0,144.0,141.0002442318274,543802
86.0,112.0,83.0,768.001330283996,1533762
90.0,115.0,85.0,1698.0029411747726,1666806
87.0,121.0,86.0,30.000051964218596,1531803
91.0,122.0,80.0,1453.0025168003206,1384879
86.0,116.0,88.0,160.00027714249916,1607390
89.0,115.0,88.0,784.0013579982459,1607393
87.0,124.0,91.0,34.00005889278108,1614301
91.0,125.0,92.0,682.0011813199027,1349452
169.0,111.0,97.0,75.00012991054649,936298
176.0,110.0,98.0,173.00029966032724,589196
171.0,118.0,104.0,303.0005248386078,785023
188.0,121.0,102.0,638.0011051057154,801834
160.0,111.0,114.0,10.000017321406197,227818
183.0,110.0,121.0,11.000019053546819,250586
166.0,123.0,114.0,79.00013683910896,579815
182.0,117.0,113.0,112.00019399974943,1539453
25.0,26.0,10.0,3531.0061161885287,1131044
28.0,25.0,10.0,873.0015121587611,1168553
24.0,28.0,11.0,3369.005835581748,1338453
31.0,28.0,9.0,1556.0026952108044,957846
24.0,26.0,13.0,5162.008941309879,17242
29.0,27.0,12.0,1251.0021669079154,304634
26.0,28.0,14.0,4139.007169330025,1478513
30.0,31.0,15.0,2478.004292244456,985361
16.0,17.0,3.0,2074.0035924596455,1262648
22.0,16.0,0.0,899.0015571944173,300684
18.0,20.0,0.0,1948.0033742099274,1317397
22.0,21.0,3.0,1056.0018291404945,649060
18.0,18.0,6.0,5265.009119720364,861705
20.0,16.0,4.0,1462.0025323895861,125038
17.0,21.0,6.0,6736.011667699215,1402788
23.0,22.0,4.0,2637.0045676548143,27417
131.0,143.0,129.0,171.00029619604598,794034
145.0,138.0,128.0,138.00023903540554,106087
129.0,158.0,128.0,281.0004867315142,1066720
150.0,159.0,142.0,478.0008279632163,1053869
141.0,140.0,146.0,76.00013164268711,178489
144.0,143.0,149.0,11.000019053546819,112328
134.0,145.0,147.0,90.00015589265578,98555
147.0,149.0,144.0,117.00020266045252,982739
17.0,30.0,65.0,1.0000017321406198,191301
27.0,37.0,64.0,12.000020785687438,187339
62.0,61.0,67.0,323.0005594814202,181588
47.0,61.0,96.0,1.0000017321406198,190313
130.0,103.0,110.0,86.0001489640933,118535
149.0,103.0,105.0,70.00012124984339,288865
143.0,116.0,109.0,502.0008695345912,630205
147.0,127.0,103.0,314.0005438921546,331233
131.0,98.0,119.0,43.00007448204665,233620
155.0,100.0,119.0,16.000027714249917,215959
130.0,115.0,120.0,246.00042610659247,239547
155.0,113.0,115.0,52.00009007131223,272314
52.0,36.0,0.0,809.0014013017615,1228796
63.0,38.0,0.0,955.001654194292,415770
50.0,40.0,5.0,291.00050405292035,1182800
58.0,44.0,0.0,383.0006634098574,1203526
50.0,32.0,8.0,985.0017061585105,1081297
57.0,37.0,12.0,796.0013787839334,526506
53.0,47.0,13.0,440.0007621418727,211114
59.0,43.0,10.0,501.00086780245056,856831
227.0,14.0,0.0,313.000542160014,1539849
240.0,13.0,4.0,3.0000051964218595,1556653
233.0,28.0,0.0,709.0012280876995,1468880
241.0,29.0,8.0,1.0000017321406198,1467891
225.0,1.0,27.0,186.0003221781553,788832
230.0,16.0,28.0,56.000096999874714,799706
212.0,97.0,4.0,930.0016108907764,1530110
217.0,100.0,0.0,1536.002660567992,672534
210.0,105.0,0.0,584.0010115701219,897080
219.0,111.0,0.0,1294.0022413899621,1177952
214.0,100.0,12.0,209.00036201738953,659069
217.0,98.0,14.0,258.0004468922799,1302787
212.0,109.0,14.0,107.00018533904633,826483
222.0,109.0,15.0,151.0002615532336,1039478
33.0,18.0,21.0,392.00067899912295,278207
47.0,23.0,23.0,219.00037933879574,199102
36.0,30.0,16.0,2087.0036149774737,252576
45.0,24.0,21.0,543.0009405523566,187249
32.0,23.0,24.0,324.00056121356084,253321
42.0,21.0,30.0,137.00023730326492,259172
39.0,24.0,29.0,1125.0019486581973,231675
40.0,31.0,26.0,234.00040532090503,206270
165.0,36.0,0.0,877.0015190873236,1225789
172.0,32.0,5.0,1199.0020768366032,679812
162.0,46.0,5.0,920.0015935693702,1548559
169.0,43.0,3.0,813.0014082303239,1099586
162.0,39.0,8.0,282.0004884636548,1508042
168.0,37.0,9.0,263.000455552983,1239617
166.0,47.0,15.0,323.0005594814202,1596713
174.0,43.0,15.0,305.00052830288905,1225627
82.0,48.0,2.0,894.0015485337141,485598
94.0,54.0,2.0,1115.0019313367911,1284439
85.0,60.0,0.0,386.00066860627925,1604233
93.0,60.0,0.0,806.0013961053396,630182
83.0,48.0,8.0,455.00078812398203,413296
89.0,51.0,14.0,466.0008071775288,340519
84.0,61.0,11.0,303.0005248386078,1043437
93.0,56.0,11.0,440.0007621418727,323982
160.0,14.0,35.0,25.000043303515497,479432
176.0,15.0,33.0,1.0000017321406198,254578
171.0,25.0,35.0,945.0016368728857,551469
177.0,31.0,34.0,205.00035508882706,284018
172.0,31.0,48.0,18.000031178531156,556417
184.0,26.0,49.0,20.000034642812395,267420
225.0,38.0,5.0,439.0007604097321,1479637
244.0,39.0,8.0,13.000022517828057,1467892
229.0,51.0,5.0,228.00039492806133,724442
241.0,52.0,14.0,4.000006928562479,739255
225.0,45.0,28.0,178.00030832103033,1627025
240.0,46.0,18.0,1.0000017321406198,729209
225.0,52.0,18.0,295.0005109814829,723429
240.0,53.0,22.0,53.000091803452854,509510
195.0,50.0,6.0,787.0013631946678,918442
205.0,54.0,1.0,806.0013961053396,1062003
192.0,57.0,0.0,1293.0022396578215,1559412
203.0,57.0,0.0,1302.002255247087,999724
194.0,51.0,9.0,179.00031005317095,495658
201.0,53.0,15.0,137.00023730326492,833826
192.0,62.0,13.0,153.00026501751483,486804
207.0,56.0,9.0,180.00031178531157,535260
178.0,84.0,0.0,1131.001959051041,1356794
186.0,85.0,7.0,1105.001914015385,1567228
182.0,91.0,2.0,617.0010687307624,797201
187.0,88.0,3.0,588.0010184986844,719033
178.0,87.0,14.0,254.00043996371744,1476434
186.0,86.0,11.0,640.0011085699966,1545485
181.0,95.0,8.0,183.00031698173342,1249246
188.0,91.0,10.0,282.0004884636548,1572177
71.0,102.0,71.0,248.0004295708737,1653354
78.0,98.0,70.0,1790.0031005317094,882440
71.0,108.0,65.0,6.000010392843719,1377258
78.0,104.0,65.0,921.0015953015109,1359479
68.0,103.0,73.0,109.00018880332756,1405795
75.0,99.0,77.0,1151.0019936938534,854756
71.0,104.0,77.0,2.0000034642812397,1302001
76.0,109.0,78.0,553.0009578737628,1603484
137.0,163.0,134.0,258.0004468922799,1373055
149.0,160.0,130.0,575.0009959808564,1079571
140.0,176.0,132.0,11.000019053546819,1384907
159.0,177.0,137.0,138.00023903540554,960748
143.0,161.0,145.0,4.000006928562479,1066715
152.0,165.0,147.0,121.000209589015,931931
158.0,190.0,153.0,79.00013683910896,1370084
179.0,21.0,0.0,620.0010739271843,489409
189.0,17.0,0.0,736.0012748554961,1505445
182.0,31.0,0.0,1610.002788746398,1432838
191.0,26.0,4.0,615.0010652664812,296237
179.0,17.0,12.0,272.0004711422486,527751
191.0,18.0,14.0,292.00050578506097,733193
181.0,24.0,15.0,320.0005542849983,759255
185.0,25.0,9.0,219.00037933879574,501043
50.0,66.0,19.0,421.0007292312009,1255010
62.0,68.0,20.0,479.0008296953569,40043
55.0,72.0,18.0,208.00036028524892,1094400
62.0,77.0,20.0,271.000469410108,1085505
54.0,71.0,26.0,1062.0018395333382,1381141
61.0,66.0,25.0,916.0015866408078,91513
54.0,73.0,28.0,546.0009457487785,269760
62.0,74.0,28.0,558.0009665344659,448214
146.0,65.0,0.0,946.0016386050263,488843
158.0,68.0,5.0,660.0011432128091,403945
150.0,79.0,0.0,972.0016836406825,1320082
156.0,77.0,0.0,765.0013250875742,1005009
145.0,70.0,15.0,254.00043996371744,663108
152.0,67.0,12.0,251.0004347672956,579768
144.0,79.0,13.0,256.0004434279987,581819
153.0,74.0,8.0,323.0005594814202,876820
151.0,83.0,2.0,1046.0018118190883,1246027
153.0,80.0,3.0,784.0013579982459,1219321
145.0,89.0,4.0,663.001148409231,1019824
158.0,95.0,0.0,907.0015710515422,1253789
147.0,85.0,12.0,296.0005127136235,847261
153.0,87.0,9.0,194.00033603528024,625441
146.0,90.0,13.0,304.00052657074843,534411
158.0,93.0,11.0,226.0003914637801,492530
102.0,105.0,0.0,135.0002338389837,8394
119.0,100.0,0.0,265.00045901726423,899787
108.0,113.0,0.0,22.000038107093637,18277
127.0,112.0,9.0,37.00006408920294,904724
101.0,96.0,28.0,182.0003152495928,857127
116.0,109.0,18.0,295.0005109814829,651864
105.0,125.0,26.0,115.00019919617128,878538
124.0,112.0,28.0,43.00007448204665,351743
154.0,67.0,135.0,88.00015242837455,227621
169.0,82.0,151.0,49.00008487489037,226634
159.0,101.0,142.0,57.00009873201533,209990
161.0,125.0,135.0,51.00008833917161,280185
174.0,88.0,161.0,6.000010392843719,228533
186.0,116.0,168.0,21.000036374953016,223667
131.0,15.0,34.0,9.000015589265578,273336
157.0,14.0,34.0,138.00023903540554,381450
136.0,26.0,39.0,324.00056121356084,330661
159.0,31.0,32.0,575.0009959808564,265437
162.0,65.0,0.0,704.0012194269964,612532
173.0,64.0,0.0,906.0015693194016,791346
164.0,75.0,0.0,629.0010895164498,1449792
174.0,72.0,0.0,592.001025427247,990600
164.0,69.0,11.0,348.0006027849357,372899
169.0,68.0,12.0,418.00072403477907,970063
166.0,72.0,10.0,215.00037241023327,464512
171.0,79.0,12.0,338.0005854635295,400981
49.0,33.0,18.0,612.0010600700593,518266
62.0,33.0,17.0,451.00078119541956,572019
52.0,45.0,17.0,822.0014238195895,466014
56.0,46.0,21.0,543.0009405523566,1453246
48.0,38.0,26.0,223.0003862673582,1729032
61.0,39.0,28.0,201.0003481602646,213242
49.0,47.0,26.0,734.0012713912149,200268
63.0,40.0,26.0,399.00069112410733,962549
161.0,87.0,0.0,874.0015138909017,1292443
170.0,80.0,2.0,681.0011795877621,570750
167.0,91.0,0.0,807.0013978374802,1470159
169.0,88.0,0.0,724.0012540698087,1484353
165.0,82.0,12.0,254.00043996371744,1202516
174.0,81.0,14.0,210.00036374953015,1260071
166.0,94.0,9.0,177.0003065888897,1188608
168.0,88.0,15.0,185.00032044601465,1569224
93.0,130.0,78.0,702.0012159627152,1348600
94.0,130.0,86.0,273.00047287438923,1651435
96.0,98.0,84.0,777.0013458732616,235039
109.0,103.0,87.0,329.00056987426393,168179
103.0,111.0,87.0,717.0012419448244,1164985
110.0,110.0,86.0,448.0007759989977,593759
96.0,102.0,90.0,259.0004486244205,149121
110.0,96.0,93.0,387.00067033841987,114238
97.0,111.0,88.0,323.0005594814202,812265
110.0,108.0,95.0,636.0011016414342,162315
226.0,117.0,0.0,1150.0019919617127,685966
237.0,118.0,2.0,613.0010618022,670141
224.0,125.0,5.0,889.001539873011,1645641
234.0,126.0,0.0,674.0011674627777,791285
227.0,115.0,15.0,141.0002442318274,716994
238.0,117.0,10.0,105.00018187476508,691299
227.0,121.0,9.0,110.00019053546818,1116093
239.0,127.0,15.0,147.0002546246711,1001954
131.0,16.0,23.0,802.0013891767771,852009
136.0,20.0,20.0,747.001293909043,277016
130.0,29.0,19.0,550.0009526773409,696355
143.0,24.0,20.0,664.0011501413716,1516166
133.0,16.0,24.0,224.00038799949886,855985
142.0,19.0,24.0,281.0004867315142,865864
128.0,24.0,25.0,292.00050578506097,330691
139.0,25.0,25.0,263.000455552983,636364
213.0,69.0,6.0,1148.0019884974315,565752
217.0,71.0,0.0,193.00033430313962,705932
214.0,77.0,0.0,1509.0026138001954,972079
216.0,78.0,3.0,536.0009284273722,658096
215.0,65.0,12.0,153.00026501751483,1356157
223.0,70.0,10.0,99.00017148192136,578594
209.0,78.0,8.0,120.00020785687438,667973
222.0,79.0,13.0,49.00008487489037,1067943
237.0,102.0,96.0,35.000060624921694,687705
255.0,105.0,100.0,61.00010566057781,245994
226.0,115.0,96.0,401.00069458838857,1136478
255.0,121.0,97.0,312.0005404278734,333049
235.0,111.0,122.0,7.000012124984339,344686
226.0,114.0,113.0,62.00010739271843,330341
251.0,122.0,117.0,72.00012471412462,686718
103.0,96.0,67.0,556.0009630701846,1347736
106.0,97.0,66.0,350.00060624921696,569191
97.0,109.0,69.0,615.0010652664812,569638
111.0,110.0,66.0,360.00062357062313,405589
102.0,97.0,77.0,572.0009907844345,54270
106.0,102.0,73.0,227.0003931959207,417274
101.0,104.0,75.0,692.001198641309,340449
109.0,111.0,72.0,384.000665141998,408546
11.0,11.0,9.0,2774.0048049580796,45461
15.0,9.0,9.0,886.0015346765891,1572364
11.0,13.0,8.0,735.0012731233555,1154728
13.0,14.0,9.0,8675.015026319878,115172
11.0,11.0,13.0,249.00043130301432,171522
14.0,9.0,15.0,194.00033603528024,191664
10.0,14.0,13.0,116.0002009283119,86785
14.0,12.0,13.0,1228.0021270686811,967685
118.0,146.0,98.0,952.0016489978701,1154772
125.0,148.0,96.0,549.0009509452003,1678679
117.0,152.0,98.0,238.00041224946753,1437386
121.0,156.0,98.0,400.00069285624795,1036830
114.0,151.0,108.0,475.00082276679444,1618235
122.0,147.0,107.0,607.0010514093563,1573384
114.0,156.0,108.0,177.0003065888897,1634035
125.0,153.0,104.0,310.00053696359214,994982
2.0,10.0,0.0,1991.003448691974,993946
7.0,8.0,2.0,8773.015196069658,137535
2.0,13.0,0.0,731.0012661947931,1726020
5.0,13.0,0.0,1794.003107460272,712297
1.0,10.0,7.0,65.00011258914029,1557582
7.0,9.0,4.0,1124.0019469260567,124374
2.0,12.0,4.0,11.000019053546819,112587
7.0,12.0,6.0,328.0005681421233,1146239
59.0,70.0,76.0,373.0006460884512,98636
62.0,87.0,68.0,133.00023037470243,1570914
47.0,66.0,83.0,15.000025982109298,94592
61.0,70.0,87.0,386.00066860627925,93753
63.0,80.0,90.0,3.0000051964218595,93730
213.0,132.0,0.0,807.0013978374802,1179088
222.0,133.0,7.0,713.001235016262,600731
212.0,139.0,0.0,732.0012679269337,1623013
219.0,137.0,0.0,821.0014220874489,550312
208.0,132.0,10.0,136.0002355711243,1507719
220.0,135.0,8.0,129.00022344613996,1309255
214.0,139.0,11.0,141.0002442318274,1204427
219.0,137.0,11.0,115.00019919617128,1212734
118.0,132.0,97.0,554.0009596059034,1545608
123.0,130.0,99.0,201.0003481602646,813744
117.0,140.0,98.0,978.0016940335262,1678647
124.0,136.0,100.0,362.00062703490437,753569
117.0,129.0,109.0,367.00063569560746,96849
124.0,128.0,105.0,193.00033430313962,667046
112.0,141.0,110.0,560.0009699987471,1066721
120.0,141.0,108.0,351.0006079813576,1190254
195.0,23.0,3.0,847.001467123105,723466
203.0,21.0,0.0,635.0010999092935,1551735
196.0,26.0,0.0,663.001148409231,294269
206.0,31.0,0.0,447.00077426685704,1603090
192.0,18.0,9.0,300.00051964218596,746401
202.0,18.0,10.0,205.00035508882706,529263
193.0,25.0,12.0,236.00040878518627,439914
206.0,29.0,11.0,222.0003845352176,713413
16.0,24.0,9.0,1299.0022500506652,919834
23.0,25.0,11.0,6845.011856502542,1321415
16.0,28.0,8.0,434.000751749029,214488
23.0,28.0,8.0,935.0016195514795,1227960
18.0,24.0,12.0,517.0008955167004,1679196
23.0,25.0,12.0,3137.0054337251245,1000610
18.0,31.0,14.0,176.0003048567491,1673664
21.0,30.0,13.0,872.0015104266205,1711059
176.0,103.0,0.0,703.0012176948558,1297247
190.0,96.0,0.0,660.0011432128091,667600
178.0,108.0,0.0,773.0013389446991,1473132
186.0,108.0,0.0,673.0011657306371,1243993
177.0,96.0,14.0,171.00029619604598,1178169
188.0,97.0,14.0,176.0003048567491,1252201
176.0,105.0,13.0,213.00036894595203,1210972
185.0,106.0,11.0,177.0003065888897,1243313
83.0,102.0,82.0,368.0006374277481,1617832
93.0,102.0,81.0,457.00079158826327,721810
85.0,108.0,80.0,1163.0020144795408,1530392
90.0,108.0,86.0,1153.0019971581346,1668726
82.0,97.0,92.0,16.000027714249917,1723938
92.0,96.0,95.0,65.00011258914029,179617
86.0,110.0,88.0,67.00011605342152,1680011
93.0,106.0,88.0,249.00043130301432,426710
118.0,131.0,87.0,390.0006755348417,660708
126.0,128.0,81.0,158.00027367821792,1166391
117.0,143.0,80.0,601.0010410165125,837986
122.0,136.0,87.0,144.00024942824925,1176342
117.0,128.0,94.0,612.0010600700593,1650007
123.0,131.0,92.0,215.00037241023327,1017886
112.0,141.0,95.0,1088.0018845689945,1543643
124.0,136.0,90.0,329.00056987426393,1089223
66.0,0.0,45.0,81.00014030339021,225625
82.0,15.0,32.0,1.0000017321406198,265058
76.0,30.0,33.0,85.00014723195268,220921
93.0,28.0,34.0,45.00007794632789,292080
66.0,0.0,50.0,228.00039492806133,219721
81.0,7.0,60.0,36.00006235706231,238479
73.0,18.0,50.0,332.0005750706858,218937
84.0,30.0,56.0,52.00009007131223,219927
227.0,144.0,2.0,820.0014203553083,1183070
234.0,148.0,1.0,650.0011258914029,1166268
229.0,159.0,3.0,817.0014151588864,872392
239.0,152.0,0.0,692.001198641309,1156382
224.0,147.0,15.0,123.00021305329624,1088402
235.0,149.0,10.0,129.00022344613996,1496737
229.0,157.0,13.0,90.00015589265578,1210757
234.0,152.0,8.0,119.00020612473377,703753
9.0,16.0,0.0,1530.0026501751483,42555
14.0,17.0,0.0,3983.006899116089,1103380
9.0,23.0,0.0,708.0012263555589,168061
12.0,20.0,0.0,1072.0018568547443,1027822
10.0,16.0,4.0,869.0015052301986,210492
13.0,16.0,7.0,4114.00712602651,183543
10.0,21.0,7.0,241.00041744588938,1305890
14.0,21.0,5.0,1112.0019261403693,1056487
74.0,98.0,2.0,33.00005716064045,706181
93.0,111.0,9.0,41.000071017765414,884468
79.0,120.0,14.0,1.0000017321406198,191438
82.0,115.0,2.0,18.000031178531156,1050511
71.0,98.0,21.0,295.0005109814829,254905
83.0,103.0,31.0,300.00051964218596,865691
79.0,114.0,30.0,13.000022517828057,968613
90.0,119.0,27.0,147.0002546246711,1045567
100.0,71.0,3.0,478.0008279632163,660971
104.0,65.0,6.0,1020.0017667834322,585626
98.0,74.0,0.0,191.0003308388584,1067046
110.0,73.0,5.0,409.0007084455135,382073
97.0,66.0,12.0,373.0006460884512,439235
107.0,64.0,11.0,487.00084355248185,1406954
101.0,72.0,14.0,123.00021305329624,1256772
108.0,77.0,12.0,311.00053869573276,550849
197.0,87.0,54.0,405.00070151695104,1602667
206.0,83.0,49.0,409.0007084455135,791210
198.0,93.0,48.0,419.0007257669197,571867
202.0,89.0,49.0,395.0006841955448,980669
199.0,84.0,57.0,303.0005248386078,416963
201.0,82.0,62.0,592.001025427247,1338311
192.0,93.0,61.0,442.00076560615395,769157
206.0,89.0,56.0,424.00073442762283,945070
196.0,115.0,0.0,685.0011865163245,1485988
205.0,115.0,5.0,623.0010791236061,1455734
196.0,120.0,0.0,622.0010773914655,1268724
201.0,121.0,0.0,729.0012627305118,1211374
195.0,119.0,9.0,189.00032737457715,1001057
202.0,119.0,15.0,161.0002788746398,1146714
197.0,127.0,13.0,219.00037933879574,1294398
200.0,125.0,10.0,123.00021305329624,1399439
176.0,71.0,39.0,289.0005005886391,468174
189.0,69.0,35.0,429.0007430883259,981616
180.0,74.0,35.0,299.00051791004535,1464564
190.0,79.0,34.0,289.0005005886391,386459
176.0,67.0,44.0,460.0007967846851,824792
185.0,66.0,44.0,870.0015069623392,826756
182.0,74.0,46.0,386.00066860627925,556084
186.0,79.0,45.0,327.0005664099827,532608
112.0,144.0,81.0,553.0009578737628,1637177
124.0,145.0,86.0,123.00021305329624,832591
115.0,154.0,87.0,282.0004884636548,1267433
127.0,157.0,87.0,77.00013337482773,266786
112.0,147.0,93.0,1379.0023886219146,1162689
123.0,149.0,88.0,422.00073096334154,1454301
117.0,152.0,88.0,272.0004711422486,1453322
122.0,157.0,93.0,209.00036201738953,946196
86.0,86.0,32.0,411.00071190979475,1017437
93.0,87.0,39.0,287.0004971243579,200294
84.0,92.0,35.0,371.0006426241699,103398
90.0,88.0,39.0,133.00023037470243,1358756
83.0,81.0,43.0,757.0013112304492,1353668
88.0,86.0,47.0,349.00060451707634,1179726
80.0,89.0,46.0,639.001106837856,307367
93.0,91.0,43.0,367.00063569560746,310314
135.0,87.0,5.0,611.0010583379187,831490
138.0,83.0,1.0,860.0014896409331,1212314
129.0,88.0,6.0,314.0005438921546,808334
137.0,94.0,2.0,451.00078119541956,932881
129.0,87.0,13.0,292.00050578506097,435798
139.0,80.0,12.0,317.00054908857646,1117030
131.0,90.0,8.0,199.00034469598336,862075
142.0,90.0,14.0,242.00041917803,608902
112.0,32.0,23.0,510.0008833917161,1442081
126.0,39.0,20.0,636.0011016414342,1368883
118.0,42.0,18.0,369.0006391598887,880222
120.0,46.0,19.0,485.0008400882006,558664
112.0,33.0,28.0,259.0004486244205,846511
126.0,38.0,24.0,344.0005958563732,895023
115.0,47.0,28.0,320.0005542849983,836682
126.0,47.0,30.0,357.0006183742013,501511
145.0,19.0,23.0,555.000961338044,570235
154.0,21.0,16.0,513.000888588138,525784
150.0,30.0,16.0,503.0008712667318,580670
155.0,27.0,16.0,489.0008470167631,739070
147.0,21.0,25.0,307.0005317671703,462640
155.0,21.0,30.0,274.00047460652985,480435
150.0,28.0,25.0,300.00051964218596,1398652
155.0,25.0,25.0,331.00057333854517,815162
196.0,98.0,0.0,614.0010635343406,789711
206.0,98.0,0.0,788.0013649268084,1163281
194.0,107.0,1.0,672.0011639984965,1280771
207.0,110.0,3.0,617.0010687307624,1198902
192.0,103.0,13.0,171.00029619604598,1108192
203.0,97.0,9.0,145.00025116038987,823520
196.0,105.0,14.0,143.00024769610863,1307436
200.0,105.0,15.0,99.00017148192136,943731
162.0,103.0,0.0,752.0013025697461,1502675
174.0,96.0,0.0,769.0013320161366,1292447
165.0,109.0,0.0,313.000542160014,1534402
171.0,111.0,0.0,695.0012038377308,1531439
162.0,103.0,9.0,203.00035162454583,982060
169.0,98.0,8.0,171.00029619604598,1244903
164.0,108.0,15.0,144.00024942824925,339308
170.0,108.0,9.0,193.00033430313962,1514520
68.0,49.0,19.0,423.0007326954822,1432061
79.0,50.0,16.0,439.0007604097321,1223335
66.0,59.0,17.0,322.0005577492796,585170
73.0,59.0,20.0,337.0005837313889,681504
65.0,55.0,28.0,406.00070324909166,209113
72.0,52.0,27.0,331.00057333854517,1569994
69.0,63.0,27.0,428.0007413561853,696461
78.0,62.0,28.0,532.0009214988097,356919
214.0,114.0,2.0,641.0011103021374,684415
221.0,119.0,0.0,920.0015935693702,856072
212.0,123.0,3.0,656.0011362842466,1561647
216.0,120.0,0.0,546.0009457487785,1570525
210.0,117.0,11.0,107.00018533904633,380703
218.0,119.0,15.0,96.0001662854995,1121866
213.0,126.0,10.0,117.00020266045252,1164354
218.0,122.0,9.0,98.00016974978074,449724
210.0,196.0,131.0,429.0007430883259,798149
216.0,195.0,130.0,531.0009197666691,821248
214.0,201.0,131.0,96.0001662854995,940736
222.0,203.0,134.0,362.00062703490437,941726
212.0,195.0,139.0,604.0010462129344,822949
220.0,194.0,137.0,403.0006980526698,344509
211.0,202.0,137.0,199.00034469598336,774442
223.0,204.0,138.0,533.0009232309503,836738
133.0,33.0,17.0,459.0007950525445,1376795
136.0,39.0,20.0,418.00072403477907,863315
135.0,40.0,22.0,507.00087819529426,790902
138.0,41.0,22.0,445.0007708025758,1513403
129.0,39.0,31.0,274.00047460652985,803027
142.0,38.0,25.0,300.00051964218596,805009
131.0,45.0,28.0,360.00062357062313,888119
139.0,41.0,30.0,334.000578534967,773382
192.0,36.0,0.0,651.0011276235435,1196994
202.0,34.0,7.0,476.00082449893506,1608039
193.0,47.0,0.0,818.001416891027,1013543
200.0,47.0,3.0,397.0006876598261,489758
198.0,39.0,10.0,192.000332570999,430012
207.0,33.0,9.0,238.00041224946753,1199980
195.0,47.0,11.0,213.00036894595203,698736
200.0,43.0,8.0,98.00016974978074,932259
117.0,19.0,16.0,480.00083142749753,827308
120.0,17.0,18.0,687.0011899806058,839187
114.0,31.0,17.0,738.0012783197774,380448
126.0,27.0,22.0,668.001157069934,461387
116.0,19.0,30.0,56.000096999874714,298134
127.0,16.0,25.0,113.00019573189005,311156
112.0,26.0,25.0,137.00023730326492,839590
123.0,27.0,28.0,194.00033603528024,805256
227.0,167.0,0.0,616.0010669986218,1192891
235.0,161.0,4.0,1073.001858586885,1540947
231.0,168.0,1.0,370.0006408920293,1088392
238.0,171.0,2.0,526.000911105966,1612033
229.0,164.0,8.0,106.00018360690571,1589402
236.0,167.0,14.0,161.0002788746398,1169224
226.0,171.0,10.0,103.00017841048384,1521575
238.0,169.0,13.0,118.00020439259313,1093341
161.0,50.0,23.0,369.0006391598887,440719
168.0,50.0,22.0,572.0009907844345,1596704
163.0,62.0,20.0,380.00065821343554,1431684
168.0,61.0,19.0,432.0007482847478,1474353
166.0,50.0,27.0,320.0005542849983,402232
172.0,52.0,27.0,332.0005750706858,1593743
160.0,56.0,31.0,315.0005456242952,728686
170.0,61.0,28.0,312.0005404278734,400726
87.0,66.0,35.0,442.00076560615395,407037
94.0,70.0,32.0,340.0005889278107,530978
82.0,73.0,32.0,436.00075521331024,409513
91.0,76.0,33.0,343.0005941242326,368087
87.0,65.0,41.0,313.000542160014,808881
89.0,67.0,46.0,227.0003931959207,631034
84.0,74.0,47.0,558.0009665344659,617127
93.0,77.0,41.0,360.00062357062313,681500
100.0,133.0,102.0,469.0008123739507,1613309
105.0,135.0,99.0,829.0014359445738,1072274
102.0,141.0,96.0,107.00018533904633,1603413
111.0,139.0,98.0,894.0015485337141,1638483
98.0,130.0,106.0,62.00010739271843,1238721
110.0,128.0,104.0,363.000628767045,1709771
103.0,136.0,109.0,21.000036374953016,1298037
108.0,137.0,106.0,261.00045208870176,1605382
157.0,195.0,154.0,16.000027714249917,1377005
170.0,195.0,155.0,76.00013164268711,955396
177.0,193.0,166.0,95.00016455335889,986393
238.0,225.0,131.0,11.000019053546819,1269938
255.0,228.0,128.0,254.00043996371744,916569
255.0,252.0,134.0,32.000055428499834,1233413
236.0,226.0,155.0,46.00007967846851,1243264
255.0,236.0,159.0,361.00062530276375,826696
255.0,246.0,144.0,36.00006235706231,1232416
87.0,52.0,22.0,420.0007274990603,340693
95.0,55.0,20.0,374.00064782059184,411008
83.0,58.0,18.0,392.00067899912295,1145642
89.0,59.0,21.0,389.0006738027011,957175
80.0,55.0,25.0,292.00050578506097,210204
95.0,48.0,28.0,313.000542160014,886028
85.0,62.0,28.0,394.0006824634042,350165
88.0,57.0,29.0,381.00065994557616,896433
178.0,70.0,23.0,375.00064955273245,1464540
184.0,68.0,19.0,358.0006201063419,395041
178.0,78.0,16.0,306.00053003502967,1605737
188.0,72.0,23.0,370.0006408920293,1266014
178.0,68.0,31.0,360.00062357062313,1025185
189.0,66.0,25.0,484.00083835606,1286053
183.0,79.0,24.0,338.0005854635295,1609698
185.0,75.0,24.0,280.00048499937355,465080
0.0,5.0,39.0,18.000031178531156,192289
9.0,17.0,40.0,22.000038107093637,186361
26.0,31.0,34.0,650.0011258914029,140086
14.0,30.0,63.0,4.000006928562479,192291
25.0,30.0,49.0,17.00002944639054,185361
98.0,35.0,18.0,541.0009370880754,319896
110.0,34.0,21.0,525.0009093738254,564201
102.0,42.0,18.0,379.0006564812949,1499164
105.0,44.0,23.0,339.0005871956701,868481
97.0,39.0,25.0,236.00040878518627,826009
111.0,34.0,26.0,269.00046594582676,292215
103.0,45.0,25.0,289.0005005886391,1681286
110.0,40.0,30.0,266.00046074940485,413446
161.0,141.0,130.0,55.00009526773409,901813
189.0,141.0,131.0,76.00013164268711,454438
164.0,145.0,139.0,201.0003481602646,115575
189.0,148.0,142.0,201.0003481602646,508139
171.0,133.0,144.0,20.000034642812395,280206
177.0,137.0,146.0,25.000043303515497,281194
165.0,159.0,147.0,68.00011778556215,113991
189.0,152.0,146.0,62.00010739271843,222915
225.0,131.0,7.0,527.0009128381066,863253
237.0,134.0,3.0,666.0011536056528,737204
229.0,138.0,0.0,718.001243676965,1163304
232.0,143.0,0.0,483.0008366239194,564437
229.0,129.0,9.0,76.00013164268711,468358
239.0,130.0,11.0,151.0002615532336,652415
228.0,139.0,9.0,105.00018187476508,570351
234.0,143.0,11.0,100.00017321406199,530529
192.0,97.0,53.0,369.0006391598887,1045863
200.0,100.0,51.0,305.00052830288905,588801
199.0,110.0,50.0,314.0005438921546,488864
206.0,109.0,54.0,532.0009214988097,1590879
194.0,101.0,57.0,341.00059065995134,1035981
202.0,98.0,63.0,322.0005577492796,1595757
192.0,108.0,61.0,295.0005109814829,1004363
206.0,108.0,63.0,336.00058199924825,462110
149.0,33.0,18.0,401.00069458838857,553528
159.0,33.0,18.0,267.00046248154547,547041
145.0,45.0,22.0,442.00076560615395,1601629
155.0,40.0,21.0,367.00063569560746,1601345
145.0,39.0,25.0,329.00056987426393,847510
153.0,34.0,28.0,324.00056121356084,287294
148.0,40.0,27.0,381.00065994557616,616447
154.0,41.0,25.0,281.0004867315142,920462
25.0,27.0,16.0,2250.0038973163946,241679
28.0,25.0,16.0,642.001112034278,63114
24.0,30.0,18.0,1366.0023661040866,1309920
30.0,31.0,17.0,2060.003568209677,59631
26.0,27.0,21.0,1880.0032564243652,59099
28.0,24.0,23.0,807.0013978374802,264201
24.0,30.0,20.0,792.0013718553708,225349
31.0,31.0,21.0,1345.0023297291336,1029880
215.0,148.0,0.0,510.0008833917161,545318
219.0,147.0,0.0,859.0014879087925,1643752
209.0,159.0,2.0,446.0007725347164,1225441
221.0,158.0,5.0,547.0009474809191,870414
215.0,149.0,11.0,126.0002182497181,1278563
218.0,146.0,8.0,89.00015416051517,901039
215.0,157.0,14.0,96.0001662854995,701603
216.0,154.0,11.0,104.00018014262446,1565615
172.0,165.0,74.0,23.000039839234255,915098
189.0,163.0,79.0,164.00028407106166,903376
171.0,178.0,74.0,8.000013857124959,651875
186.0,184.0,71.0,8.000013857124959,656809
174.0,162.0,80.0,51.00008833917161,362648
176.0,161.0,92.0,404.0006997848104,1250188
169.0,183.0,88.0,13.000022517828057,653856
189.0,176.0,82.0,14.000024249968678,1284758
67.0,64.0,21.0,238.00041224946753,981437
74.0,66.0,19.0,243.00042091017062,877967
66.0,73.0,21.0,284.000491927936,653508
73.0,78.0,20.0,124.00021478543685,39042
64.0,70.0,24.0,565.0009786594502,83648
77.0,70.0,28.0,431.00074655260715,968485
64.0,73.0,30.0,535.0009266952316,703248
74.0,73.0,25.0,308.0005334993109,1428082
147.0,165.0,201.0,10.000017321406197,191313
182.0,184.0,197.0,159.00027541035854,160684
179.0,54.0,34.0,333.0005768028264,1228597
184.0,55.0,34.0,136.0002355711243,1396646
183.0,56.0,39.0,408.0007067133729,1401544
185.0,56.0,37.0,191.0003308388584,269182
181.0,49.0,45.0,275.00047633867047,1639860
188.0,54.0,43.0,165.00028580320227,1398593
180.0,56.0,46.0,670.0011605342153,1415402
185.0,63.0,40.0,521.0009024452629,1321467
54.0,80.0,33.0,98.00016974978074,1036903
59.0,82.0,38.0,990.0017148192136,1640051
54.0,88.0,38.0,4.000006928562479,1609422
63.0,90.0,35.0,184.00031871387404,1644997
53.0,80.0,47.0,94.00016282121827,1719101
62.0,82.0,47.0,1084.001877640432,1008999
53.0,89.0,41.0,7.000012124984339,1605471
62.0,91.0,43.0,225.00038973163947,1517991
166.0,55.0,38.0,346.0005993206545,714858
172.0,55.0,35.0,263.000455552983,1589784
167.0,58.0,38.0,308.0005334993109,268199
172.0,57.0,39.0,340.0005889278107,1410423
161.0,55.0,42.0,311.00053869573276,777339
175.0,55.0,41.0,325.00056294570146,1413394
167.0,57.0,40.0,343.0005941242326,833698
174.0,56.0,46.0,436.00075521331024,294945
128.0,51.0,21.0,369.0006391598887,388648
140.0,54.0,21.0,434.000751749029,720892
128.0,61.0,18.0,305.00052830288905,556599
138.0,56.0,18.0,349.00060451707634,587635
131.0,49.0,25.0,283.0004901957954,350859
140.0,55.0,24.0,359.0006218384825,627745
133.0,60.0,25.0,274.00047460652985,619893
136.0,63.0,31.0,296.0005127136235,838377
54.0,53.0,49.0,287.0004971243579,242311
58.0,55.0,48.0,285.00049366007664,32991
55.0,61.0,49.0,313.000542160014,1412698
60.0,57.0,48.0,1461.0025306574455,1322311
54.0,55.0,57.0,35.000060624921694,112389
61.0,52.0,57.0,21.000036374953016,272393
53.0,57.0,58.0,82.00014203553083,164797
61.0,62.0,57.0,183.00031698173342,61515
164.0,70.0,36.0,370.0006408920293,1056737
168.0,71.0,39.0,353.0006114456388,475665
163.0,78.0,39.0,278.0004815350923,1310455
170.0,79.0,32.0,299.00051791004535,1422794
167.0,65.0,40.0,377.0006530170137,582950
173.0,67.0,43.0,370.0006408920293,1541388
164.0,73.0,44.0,264.0004572851236,1020162
173.0,76.0,44.0,356.00061664206066,1010384
149.0,50.0,19.0,405.00070151695104,354975
156.0,52.0,23.0,420.0007274990603,272662
145.0,62.0,20.0,307.0005317671703,807156
156.0,58.0,23.0,298.00051617790473,1051845
150.0,55.0,27.0,340.0005889278107,802795
156.0,54.0,29.0,311.00053869573276,555099
147.0,63.0,29.0,305.00052830288905,593138
152.0,57.0,25.0,278.0004815350923,732749
102.0,70.0,23.0,363.000628767045,555825
107.0,71.0,19.0,409.0007084455135,1608106
101.0,75.0,18.0,231.00040012448318,386821
106.0,77.0,17.0,340.0005889278107,1608162
100.0,65.0,25.0,353.0006114456388,1607120
105.0,66.0,25.0,333.0005768028264,283360
103.0,72.0,28.0,292.00050578506097,519778
105.0,74.0,30.0,338.0005854635295,208331
86.0,119.0,48.0,322.0005577492796,1725872
91.0,113.0,48.0,371.0006426241699,949594
84.0,121.0,54.0,81.00014030339021,1606426
92.0,126.0,50.0,262.0004538208424,1339693
85.0,118.0,61.0,509.0008816595755,1578769
88.0,119.0,60.0,647.0011206949811,1516085
87.0,126.0,63.0,149.00025808895236,1525971
95.0,127.0,62.0,317.00054908857646,920916
152.0,62.0,71.0,10.000017321406197,456543
190.0,54.0,64.0,61.00010566057781,279485
133.0,53.0,126.0,95.00016455335889,226555
183.0,113.0,1.0,565.0009786594502,1196578
188.0,119.0,0.0,638.0011051057154,1278783
182.0,120.0,0.0,228.00039492806133,582253
185.0,125.0,1.0,493.00085394532556,1275595
182.0,113.0,9.0,203.00035162454583,1434608
185.0,117.0,8.0,214.00037067809265,1482055
181.0,121.0,11.0,96.0001662854995,1324992
188.0,126.0,15.0,191.0003308388584,1244907
237.0,228.0,169.0,59.00010219629657,818998
244.0,232.0,172.0,319.0005525528577,1045515
255.0,241.0,175.0,37.00006408920294,1238355
230.0,224.0,176.0,48.00008314274975,814042
250.0,233.0,181.0,158.00027367821792,441330
255.0,241.0,188.0,30.000051964218596,1237368
224.0,103.0,0.0,749.0012973733243,686944
232.0,102.0,4.0,82.00014203553083,1125740
231.0,108.0,2.0,974.0016871049637,624991
234.0,111.0,7.0,256.0004434279987,679445
229.0,99.0,13.0,185.00032044601465,672926
232.0,102.0,8.0,48.00008314274975,622030
227.0,110.0,15.0,189.00032737457715,994717
232.0,108.0,10.0,75.00012991054649,702174
192.0,97.0,67.0,410.0007101776541,966187
204.0,101.0,68.0,268.0004642136861,516388
193.0,105.0,65.0,279.00048326723294,1457603
207.0,106.0,64.0,301.0005213743266,1573032
197.0,102.0,72.0,525.0009093738254,812659
200.0,100.0,76.0,196.00033949956148,684551
198.0,110.0,72.0,259.0004486244205,540480
202.0,104.0,77.0,312.0005404278734,1234550
