x0,x1,x2,x3,x4,x5,x6,x7,x8,x9,weight,source_index
-0.9234413687480612,-2.320150592395174,-0.9954034689820994,-1.0879251420361309,1.9249595306172573,-0.39110346081054514,-0.5544415106134303,1.9381154754536951,-3.05191480222423,-0.17922561750568378,2854.8234416683404,26610
1.6966957003603587,-0.3712619317411709,-0.07354870139168593,2.115921087798472,-0.8465927145098905,1.3179360893032512,-0.7955422359834916,-0.5041118705382039,0.07336195858807702,-0.5706117803274895,392.41559335647287,112836
-1.401244296805269,1.0679418527483213,-0.05040590387895586,-0.30425052466651575,-0.9013260596285038,4.987594890875763,-0.06593677293552778,-0.5013013708146418,0.5159670018231066,0.5718235136571005,973.4086801870286,10886
-0.19117890624980427,0.9685493261951796,-0.8025468230426822,-1.4336639438168435,-0.8856879610231858,-0.25112678487427403,-0.5334305541541656,-0.5041118705382039,0.7432345509774816,1.6458421179674794,14307.908551102953,50708
-1.3731668416078089,-1.3055516813407033,-0.8372610193117773,-1.185884469207333,1.4949118189710098,-0.5121643697284012,0.45933713854608754,-0.5041118705382039,-0.3306692399085899,-1.4778751278453852,525.400877771722,11810
0.826112268101455,-1.4606040227636043,-0.9722606714693693,-0.2696766444884445,1.5881389452719443,-0.4573086453749977,-0.7414390231008854,-0.45080928957409505,-0.4776077515665802,-1.9326743219059408,630.0450360001148,84186
1.3271003674959592,-0.6058282944065856,0.04216528617196417,0.08758678401829154,-0.9420452625354283,-0.41853132298724693,-0.6784061537230914,2.0511815562866533,-0.5943234570378121,-1.444017039098762,235.44935601388374,100673
0.08403485102659679,-0.768832037953738,-1.6873731146127273,-2.0502314736591143,1.9911207170243725,-0.4346097249528997,-0.45989220654673946,-0.11645673625377553,-0.8084679456110946,-1.6980027412827918,330.2831244083647,59765
1.7303339502560169,-1.6673404779941394,-1.5870876587242306,-2.25191244136453,1.955032797165946,-0.43082657154921666,-0.45989220654673946,1.8767367458586606,-1.9422208461169974,-1.4220009419827304,215.8285763460601,113943
0.6988521140246561,-2.3519562008921797,-1.6013590505237474,-0.7767602204334897,2.042245270157143,-0.3154403927368851,-0.6321820495127093,2.5615941497611505,-1.7626735172575037,-1.532214858454498,391.3255500415938,79998
-1.480371670543565,-0.2718694051880295,0.3391645209186666,-1.1974090959333568,1.0528348007052861,-0.4923028143590655,-0.40736481539857783,-0.503536848755682,0.4384216438439234,-1.627184295559559,469.8086687128884,8282
-0.44521302470301316,0.7021773550327595,-1.3116883683227432,-1.9637967732139363,-0.9400604269432148,1.5827568275610613,0.6536884857942854,-0.5033817867019682,-0.14137903273889169,-2.023040393250377,344.45368750179284,42348
-1.2518321245045,-0.7529292337052352,-1.5670305675465315,0.3987517056209331,-0.5380409997203446,-0.4894654493063032,-0.5754524670726948,-0.5041055065330828,-0.007762415913222267,-1.405822446374738,767.3904936748803,15803
1.3715563382252707,-0.23608809562889846,-0.5711188479153818,-0.36763597165964645,0.4724207563155946,-0.5613453639762802,-0.580705206187511,-0.5041118705382039,0.7824048984695305,-1.4953212169236945,292.1316083875965,102136
-0.2178889529149204,1.1037231623074524,-0.1699770243613945,-0.021897169878934204,-0.9413836506713571,1.630046245107099,-0.5964634235319595,1.976880988882138,0.4376263068390088,-1.572277483661094,419.66667622845017,49829
-1.486114786379409,-0.5541441805989519,1.3960189406666714,0.0702998439292559,1.257333013236369,-0.3154403927368851,0.3542823562497647,-0.5041118705382039,0.13698891898125276,-1.51326767184555,245.25974584779556,8093
-0.12250461106986982,-1.7070974886153962,-0.011834574691072639,-1.0187773816799883,1.5971609252365508,-0.5320259250977369,-0.4546394674319233,-0.5037759027551575,-1.712368451696649,-1.1215812895176165,2258.5697484294774,52968
1.2570890506399552,-1.3930171047074682,-1.4814022167494303,-0.8804818609677035,1.6482854783693217,-0.3958324025651489,-0.6742039624312386,-0.5041069925444308,-0.6032709983431025,-0.3881783937705601,861.1342187544822,98369
-0.39847803975312857,0.9009624081390432,-0.07740583431047426,-1.5258609576250335,-0.9468666086285139,-0.14992743132575373,-0.6552941016179004,0.09352312815028986,-0.21673721395455928,0.48115722280653683,404.4060698201429,43886
-1.7213698276550962,-0.7211236252082299,-0.8295467534742006,-0.29848821130350384,1.73249062470565,-0.38826609575778287,-0.6626479363786429,-0.05184754720637074,-0.5969083023037849,0.597742464352792,6616.562921316085,351
1.568675874876702,-1.3691628983347142,0.1424507420604611,-0.5059314923719316,0.9265270812007936,-0.4923028143590655,0.2912494868719708,1.201570720313281,-1.0745081737550615,-0.11961536667788496,2647.715211841313,108623
-0.9763144986653558,0.36424276475207773,0.09230801411621263,1.3610580372439167,-0.945422490368846,1.4314306914137411,-0.7866125794883043,-0.4932575267782399,-0.5652936563584258,0.529592636461805,840.4233957717794,24870
-1.3907000576780844,-1.1624264431041793,1.8781605555152139,1.7298460924766763,0.8513439148290719,-0.3655671753356849,-0.737762105720514,-0.4883472284106372,-0.21097102066892773,-0.28693770475972025,2113.5939875505583,11233
1.1445969087124697,-0.6694395114005963,1.1568766997017945,1.3668203506069285,-0.7936637653841984,0.12245961373942249,-0.512419597694901,-0.5041052157917321,-0.9406927226781634,-0.31519169605862696,999.5697197441268,94667
-1.6851183081198475,0.22906892863980485,1.801017897139447,1.643411392031498,-0.6342754526761485,-0.12249956914905197,-0.7188522449071758,-0.4624389436026279,-0.3239088753668148,0.02902664657822745,654.0259889274548,1544
1.190541835399222,0.23304462970193052,1.2610192885090798,0.42180095907298065,-0.8050916066727,-0.4138023812326432,-0.4388812500874748,-0.5041118705382039,-0.1628531318715883,-0.9059569686721252,258.34026562634466,96179
0.8755212964034786,-1.3294058877134574,-0.979974937306946,-0.9553919346868577,1.8166957710419784,-0.5244596182903709,-0.2865518157578063,-0.5024675666769475,-0.3762022834399562,0.48095707646911834,917.816471128195,85812
1.5053496664010457,-1.8661255311004228,-0.9259750764439091,-1.6295825981592473,1.912930223997782,-0.49703175611366923,-0.6936390971560584,-0.4884118375996846,-0.962962158815775,-1.0905252494948516,523.2207911419639,106539
-1.3949846044127616,-0.9954469984949011,-0.29340527776262126,-0.1659550039542306,1.7535419112897321,-0.558507998923518,-0.22877168549482857,-0.486085906793978,-0.15350792206384084,-1.120347053770203,1035.5411491351367,11092
1.3960481443823625,-2.2648883476316275,-0.2625482144123145,0.33536625862780245,1.8557910175552736,-0.2605846683834816,-0.4651449456615556,-0.5041118705382039,-1.3604318270218956,-0.6991390866730465,529.7610510312384,102942
-1.0267870669369803,-0.9477385857493931,-1.2499742416221296,0.9461714751070612,0.6648896622272022,2.065108886530644,-0.45989220654673946,-0.5026807770008039,-1.0969764441439016,-0.4056578405717726,324.8329078339692,23209
0.6166556678026549,-0.07308435208174585,0.08459374827863594,-0.3330620914815752,0.28596650371372484,-0.17357214009877253,3.568958694517251,-0.5041002085795809,-0.4251155092422102,-0.5474615206327538,318.2926479446947,77293
-0.8372338574978514,-1.0868881229237917,-1.6962445203259406,-1.3011307364675702,-0.3846673403220324,-0.509327004675639,-0.4861559021208202,2.1900913127385735,-0.674453660282968,-0.519807968346103,543.9316141246666,29447
-1.258061430040733,-1.46457972382573,-1.072546127357866,0.5024733461551469,1.3986773660152059,-0.5216222532376087,0.8165233983535861,2.425914852761601,-1.4491119030698842,-0.33890903704271486,1142.3653939932876,15598
1.4743550730012522,-1.8104657162306634,-0.8064039559614705,1.3495334105178929,1.0979447005283192,1.1571520696467235,-0.5229250759245333,2.480832663451895,-0.888995817358708,1.2620281582446724,446.9177591004275,105519
0.4928900021974013,0.2966558466959413,-1.5450449099094377,0.6061949866893608,-0.9402709398090557,-0.40434449772343567,-0.6437380755653048,2.1868608532862033,-0.39767638257265314,0.09537515743244829,582.0831301454348,73220
-0.9312507908105582,-2.1444246054492195,-1.1149745894645378,-0.9092934277827629,2.0392379435022745,-0.3173319694387266,-0.5491887714986141,2.55190277140404,-2.6474859352251063,0.5123466937209141,725.9688477094749,26353
-0.9249910984180508,-2.28079115188013,-1.2576885074597064,0.761777447490681,2.042245270157143,-0.42798920649645444,-0.5859579453023271,2.41622347440449,-2.2862041007426046,-1.0693764531743006,498.14979489974473,26559
-0.7826286767729213,-0.1406712701378823,0.03445102033438748,-0.6845632066252996,0.7881900550768256,-0.224644711048493,0.01810705290153062,-0.5041118705382039,0.7344858439234199,-0.033285579804720716,2108.1437709761626,31244
1.296622350652829,-0.3235535189956628,-0.9066894118499674,-1.1974090959333568,-0.529019019755738,-0.5405380202560237,-0.5334305541541656,-0.49871700325274565,0.31753041909688934,-0.7374003948428758,692.177504948223,99670
0.4812822231006159,1.2826297101031072,-1.3039741024851663,-2.0559937870221265,-0.9469496108441884,1.0247417005178185,-0.33382646779115177,-0.38523096269097923,0.4336496218144352,1.2062206878278239,6006.138664983793,72838
1.0384252328900399,0.7141044582191365,-0.39754786656990654,-2.0502314736591143,-0.9469998331993247,-0.1083127438852407,-0.5754524670726948,-0.3978297545552232,0.5638860563692171,1.053909325052373,597.343736553742,91173
0.7667363509414585,1.3661194324077464,0.8714488637114571,-0.8401456674266203,-0.9469805863087336,-0.4336639366019789,1.3260390924907535,-0.5040910017701415,0.7758433681789841,-0.5751150729194051,432.7471960069993,82232
-1.3946503489937443,-0.5183628710398208,0.2620218625428998,0.9922699820111562,-0.44481387341940976,-0.4582544337259184,-0.4231230327430263,-0.5041075417225378,0.08250833414459594,-0.8709647173467974,9020.108430624481,11103
1.5773969026274282,-1.5321666418818665,-0.08512010014805095,0.4967110327921351,0.7972120350414322,-0.43744709000566195,-0.5491887714986141,-0.5041118705382039,-0.010148426927966452,-1.1355581754140063,2604.1134792461494,108910
-0.7792253488701988,0.5351979104234816,-1.1728315832463627,0.5428095396962301,-0.5711215929239022,-0.45447128032223544,-0.49666138035045254,-0.5036208407014436,0.6372558950725979,0.7954203302764274,17559.50775938728,31356
1.4656644321068004,0.20123902120492515,-1.3926881596172984,0.5082356595181589,-0.9175355502982471,-0.38069978895041684,1.4468520921315244,1.844432151334958,-0.0890856246657503,0.564284668281005,3235.248558561143,105233
-1.611187086804458,-0.23211239456677277,0.9331629904120706,0.6753427470455035,-0.9365719280235669,-0.4856822959026202,-0.5229250759245333,0.7816109915051503,0.6364605580676834,0.429085817354833,2355.5836034537165,3977
1.066411527518677,-0.0015217329634837397,1.3497333456412113,0.6638181203194796,0.7490948085635303,-0.43744709000566195,0.05487622670524373,-0.5041118705382039,-0.12825597215779902,0.6289652929900716,911.2762112389204,92094
0.35058835426482027,0.6067605295417438,1.4114474723418249,1.199713263079584,-0.4598505066937541,-0.3409766782117454,0.6484357466794693,-0.5041118705382039,0.8136218759124324,-0.9383473176110133,8991.767304437624,68537
1.50735519891515,0.6345904369766235,1.7508751691951991,1.0153192354632037,0.328069076881889,-0.3731334821430509,-0.16048607700221865,-0.5041118705382039,0.4199300584796567,1.265664150041108,3028.140328734116,106605
-0.5825920019191564,-0.613779696530837,-0.22397688522443132,0.2143576780045529,1.527992412174567,2.2069771391687567,-0.38635385893931323,-0.5041118705382039,0.07515146684913498,-0.3767366948148045,488.3394050658329,37827
-1.2139093278741646,0.9128895113254202,-0.49397618953961514,1.943051686908116,-0.9276401678586064,3.010897237451395,-0.7556214187108888,-0.504095039844457,-0.06542434876953772,0.7620626073733502,620.234646166203,17051
-0.5886693731740178,0.2688259392610616,1.0450198450569326,0.5024733461551469,0.003277798156051443,3.5310808304578076,-0.703619301474209,-0.5041118705382039,1.0643518667117908,1.1872067857730702,306.3021714810247,37627
0.6790094968775334,1.29853251435161,0.10387941287257767,-0.7998094738855372,-0.4057186269061145,0.6369684766403108,3.395618303728318,-0.5041118705382039,0.9569813710483068,0.7311733559651011,808.8121396402857,79345
-0.6616586019449039,-0.430897447673056,0.35845018551260793,0.7041543138605622,0.11755621104106832,-0.4923028143590655,1.9301040906946105,-0.5041118705382039,0.19206600657159564,0.3264774617049675,336.8233842976392,35225
-1.1774451003449957,0.6147119316659951,0.41630717929443306,-0.3791605983856702,-0.6252534727115419,0.18299006819835043,1.7094890478723324,-0.5009654030315953,0.7277254793816449,0.2859144706548253,1502.0796879033878,18251
1.502918717899101,0.6067605295417438,-0.22397688522443132,0.1567345443744341,-0.48090179327783616,1.4125149243953263,3.017421087461555,-0.5041118705382039,0.5092066372813315,0.254057845282387,518.8606178824475,106459
0.1675379320683932,1.286605411165233,1.1684480984581596,0.807875954394776,-0.4959384265521805,0.19244795170755793,2.691751262342953,-0.5041074125041597,1.4958221918780148,0.19531489525006715,697.6277215226185,62513
1.0911160416696888,1.187212884612091,0.913877325818129,0.5889080466003251,-0.9443548894063675,-0.32206091119333036,3.95240864989883,-0.503975545149314,0.18152779125647592,0.06261787354162643,341.1835575571556,92907
-1.5278663269003074,1.2190184931090966,-1.544659196617559,-1.0879251420361309,-0.9470339362835909,0.0590917942277321,-0.11846416408368937,2.4097625554997495,0.09185354395234376,-0.1898667311117655,612.6043429620494,6719
-0.8516980010844217,1.250824101606102,-1.6785017088995142,0.19707073791551727,-0.9458495307538374,-0.4705496822878882,0.14942553077193446,2.3290010691904937,0.8947462504137316,0.19498131802103666,1021.3705860417086,28971
1.5927726519022276,0.7737399741510216,-1.5199735459373134,1.343771097154881,-0.9455036881885274,-0.2690967635417683,-0.7209533405531023,2.228856826167016,0.16820589642415468,0.1623574650218273,323.7428645190901,109416
-0.9931488170413221,0.6584446433493776,1.44616166861092,0.8366875212098355,-0.15611051455199848,0.08273650300075089,-0.5491887714986141,2.3774579609760473,0.003173467904354778,0.0023404682557657324,240.8995725882792,24316
